scenario_id,model,decile,n_total,mean_predicted_risk5,mean_true_risk5,observed_event1_5y_rate,observed_event2_5y_rate
S0_linear_PH_inst30,cs_gbsa_all_safe_cif,1,302,0.2290718059550059,0.1370057579514035,0.1160087719298245,0.2047807017543859
S0_linear_PH_inst30,cs_gbsa_all_safe_cif,2,298,0.2419013387427168,0.1818353137365315,0.1847297297297297,0.16067567567567564
S0_linear_PH_inst30,cs_gbsa_all_safe_cif,3,300,0.25767872391905067,0.21802414234999995,0.23333333333333328,0.24999999999999994
S0_linear_PH_inst30,cs_gbsa_all_safe_cif,4,300,0.274343507614884,0.24533334375333327,0.2333333333333333,0.2433333333333333
S0_linear_PH_inst30,cs_gbsa_all_safe_cif,5,300,0.2874594839398633,0.27200953024999996,0.26999999999999996,0.2533333333333333
S0_linear_PH_inst30,cs_gbsa_all_safe_cif,6,300,0.30432491280892704,0.30361397365,0.31,0.2766666666666666
S0_linear_PH_inst30,cs_gbsa_all_safe_cif,7,300,0.3208931934836628,0.34239729306666666,0.29666666666666663,0.29666666666666663
S0_linear_PH_inst30,cs_gbsa_all_safe_cif,8,300,0.3466329184007184,0.38570509,0.37,0.24666666666666665
S0_linear_PH_inst30,cs_gbsa_all_safe_cif,9,300,0.3815843428463369,0.4372257834333333,0.4333333333333333,0.2799999999999999
S0_linear_PH_inst30,cs_gbsa_all_safe_cif,10,300,0.44141165245949554,0.5463986513333332,0.5533333333333333,0.2266666666666666
S0_linear_PH_inst30,cs_gbsa_dgm_cif,1,307,0.2268115349432531,0.1352837886571786,0.1234929529631516,0.1572423161827135
S0_linear_PH_inst30,cs_gbsa_dgm_cif,2,294,0.23777222966877232,0.17438955320347221,0.1763888888888889,0.1908333333333333
S0_linear_PH_inst30,cs_gbsa_dgm_cif,3,299,0.2637100700474434,0.22510239959970912,0.2140492170022371,0.2406711409395973
S0_linear_PH_inst30,cs_gbsa_dgm_cif,4,300,0.28206199095167195,0.23222245356999993,0.2133333333333333,0.2666666666666666
S0_linear_PH_inst30,cs_gbsa_dgm_cif,5,301,0.29478752354713766,0.2723598266573951,0.23253863134657832,0.272317880794702
S0_linear_PH_inst30,cs_gbsa_dgm_cif,6,299,0.3088749926318888,0.3107201125997763,0.28404921700223706,0.31456375838926176
S0_linear_PH_inst30,cs_gbsa_dgm_cif,7,300,0.3231642055113476,0.34635749346666667,0.35333333333333333,0.29000000000000004
S0_linear_PH_inst30,cs_gbsa_dgm_cif,8,300,0.34322719334319574,0.3949333362333333,0.42000000000000004,0.22999999999999995
S0_linear_PH_inst30,cs_gbsa_dgm_cif,9,300,0.36744576083938685,0.4426485495333333,0.44333333333333336,0.23333333333333328
S0_linear_PH_inst30,cs_gbsa_dgm_cif,10,300,0.4194414927518134,0.5367555265666666,0.54,0.24666666666666665
S0_linear_PH_inst30,cs_rsf_all_safe_cif,1,300,0.1338563066581142,0.12677240445,0.1066666666666666,0.14666666666666667
S0_linear_PH_inst30,cs_rsf_all_safe_cif,2,300,0.19204352760796384,0.1808976339833333,0.19,0.2033333333333333
S0_linear_PH_inst30,cs_rsf_all_safe_cif,3,300,0.23054040479747417,0.2129471381333333,0.1966666666666666,0.24666666666666665
S0_linear_PH_inst30,cs_rsf_all_safe_cif,4,300,0.26453702609687535,0.2424133069366666,0.2899999999999999,0.23333333333333328
S0_linear_PH_inst30,cs_rsf_all_safe_cif,5,300,0.29803109322644,0.2753951378666667,0.23666666666666664,0.25666666666666665
S0_linear_PH_inst30,cs_rsf_all_safe_cif,6,300,0.33449389717356104,0.3070892782833333,0.29,0.27999999999999997
S0_linear_PH_inst30,cs_rsf_all_safe_cif,7,300,0.3781801131164849,0.34422617459999993,0.29333333333333333,0.3
S0_linear_PH_inst30,cs_rsf_all_safe_cif,8,300,0.42611595667789737,0.38985712446666665,0.3733333333333333,0.2799999999999999
S0_linear_PH_inst30,cs_rsf_all_safe_cif,9,300,0.48553930771683285,0.4429461605666667,0.4666666666666667,0.24999999999999994
S0_linear_PH_inst30,cs_rsf_all_safe_cif,10,300,0.5803586775236644,0.5468387979666667,0.5566666666666666,0.2433333333333333
S0_linear_PH_inst30,cs_rsf_dgm_cif,1,300,0.11786668991846444,0.1167382571966666,0.12666666666666665,0.1066666666666666
S0_linear_PH_inst30,cs_rsf_dgm_cif,2,300,0.17893198680078334,0.1650231642533333,0.14999999999999997,0.1433333333333333
S0_linear_PH_inst30,cs_rsf_dgm_cif,3,300,0.21993847509240638,0.2074130258566666,0.1633333333333333,0.2366666666666666
S0_linear_PH_inst30,cs_rsf_dgm_cif,4,300,0.25722412607058853,0.23693175427999996,0.20999999999999996,0.27666666666666667
S0_linear_PH_inst30,cs_rsf_dgm_cif,5,300,0.2937292970066781,0.2789455782,0.29,0.2633333333333333
S0_linear_PH_inst30,cs_rsf_dgm_cif,6,300,0.33011379787138506,0.30784426006666665,0.31666666666666665,0.2766666666666666
S0_linear_PH_inst30,cs_rsf_dgm_cif,7,300,0.36987256267344415,0.3467152155333333,0.33999999999999997,0.2666666666666666
S0_linear_PH_inst30,cs_rsf_dgm_cif,8,300,0.4142271203112788,0.3989555047333333,0.3966666666666666,0.2899999999999999
S0_linear_PH_inst30,cs_rsf_dgm_cif,9,300,0.46355019737319225,0.45167110693333323,0.4333333333333333,0.34666666666666657
S0_linear_PH_inst30,cs_rsf_dgm_cif,10,300,0.5442363650055184,0.5591452902,0.5733333333333333,0.23333333333333328
S0_linear_PH_inst30,finegray_all_safe_reduced_R,1,300,0.11132854665629435,0.12219216722666659,0.0933333333333333,0.1833333333333333
S0_linear_PH_inst30,finegray_all_safe_reduced_R,2,300,0.16163440373157906,0.17216324858999993,0.1833333333333333,0.17999999999999994
S0_linear_PH_inst30,finegray_all_safe_reduced_R,3,300,0.19810054366508484,0.2079922007533333,0.16666666666666666,0.20999999999999996
S0_linear_PH_inst30,finegray_all_safe_reduced_R,4,300,0.22992052296830345,0.2500083978,0.23333333333333328,0.2766666666666666
S0_linear_PH_inst30,finegray_all_safe_reduced_R,5,300,0.2606113221322345,0.27010250454999996,0.2433333333333333,0.2833333333333333
S0_linear_PH_inst30,finegray_all_safe_reduced_R,6,300,0.29392766212318167,0.3109234653,0.34666666666666657,0.24666666666666665
S0_linear_PH_inst30,finegray_all_safe_reduced_R,7,300,0.33138814323154064,0.33949343536666665,0.32999999999999996,0.27
S0_linear_PH_inst30,finegray_all_safe_reduced_R,8,300,0.38136541644971744,0.38963227619999996,0.37,0.29
S0_linear_PH_inst30,finegray_all_safe_reduced_R,9,300,0.4530313986951014,0.44795215409999994,0.47000000000000003,0.23333333333333328
S0_linear_PH_inst30,finegray_all_safe_reduced_R,10,300,0.5961088206098295,0.5589233073666666,0.5633333333333334,0.26666666666666666
S0_linear_PH_inst30,finegray_dgm_cif_R,1,300,0.1000020282086843,0.1070154042333333,0.06666666666666665,0.13999999999999996
S0_linear_PH_inst30,finegray_dgm_cif_R,2,300,0.15131797059903024,0.1639029162533333,0.1866666666666666,0.14
S0_linear_PH_inst30,finegray_dgm_cif_R,3,300,0.18844577643263072,0.19890830163333328,0.17333333333333328,0.17333333333333328
S0_linear_PH_inst30,finegray_dgm_cif_R,4,300,0.22292643097655118,0.24098159136666664,0.22999999999999998,0.21666666666666662
S0_linear_PH_inst30,finegray_dgm_cif_R,5,300,0.25978195742283383,0.2762605197333333,0.24,0.30333333333333334
S0_linear_PH_inst30,finegray_dgm_cif_R,6,300,0.29842229486764293,0.3124102368,0.30333333333333334,0.25666666666666665
S0_linear_PH_inst30,finegray_dgm_cif_R,7,300,0.3406492981284411,0.3473852075333333,0.3833333333333333,0.26999999999999996
S0_linear_PH_inst30,finegray_dgm_cif_R,8,300,0.39689755585349495,0.3998382288333333,0.3666666666666667,0.31999999999999995
S0_linear_PH_inst30,finegray_dgm_cif_R,9,300,0.4694921671350461,0.46159855596666666,0.43666666666666665,0.3533333333333333
S0_linear_PH_inst30,finegray_dgm_cif_R,10,300,0.614132552824,0.5610821949,0.6133333333333333,0.2666666666666666
S1_linear_PH_inst15,cs_gbsa_all_safe_cif,1,300,0.12384145286295284,0.10700463290000001,0.0866666666666666,0.49
S1_linear_PH_inst15,cs_gbsa_all_safe_cif,2,301,0.13189254926185215,0.09806615149114785,0.09640176600441494,0.27591611479028694
S1_linear_PH_inst15,cs_gbsa_all_safe_cif,3,302,0.13472526620772057,0.0911872305874676,0.09917971662938105,0.23139009518796327
S1_linear_PH_inst15,cs_gbsa_all_safe_cif,4,299,0.1376491314303993,0.0932364213943116,0.1339285714285714,0.17680361618331542
S1_linear_PH_inst15,cs_gbsa_all_safe_cif,5,298,0.14170654767400145,0.1262358927449549,0.14792792792792792,0.2716216216216216
S1_linear_PH_inst15,cs_gbsa_all_safe_cif,6,300,0.1476011241592961,0.1401019657966666,0.1233333333333333,0.3133333333333333
S1_linear_PH_inst15,cs_gbsa_all_safe_cif,7,300,0.1533973050808651,0.14655564958,0.14666666666666667,0.24999999999999994
S1_linear_PH_inst15,cs_gbsa_all_safe_cif,8,300,0.16031732277751676,0.17538722959666664,0.15999999999999995,0.3
S1_linear_PH_inst15,cs_gbsa_all_safe_cif,9,300,0.17353632361730464,0.21721874596000001,0.23666666666666666,0.28
S1_linear_PH_inst15,cs_gbsa_all_safe_cif,10,300,0.20609366756146041,0.27535576355,0.27,0.28
S1_linear_PH_inst15,cs_gbsa_dgm_cif,1,303,0.1246179687984351,0.09535681713676364,0.10550278842802369,0.3826681770651795
S1_linear_PH_inst15,cs_gbsa_dgm_cif,2,305,0.1305630194756168,0.08270147418701596,0.0659094820168645,0.22642402340388915
S1_linear_PH_inst15,cs_gbsa_dgm_cif,3,299,0.1328708038065048,0.0833072437875874,0.0909090909090909,0.2112470862470862
S1_linear_PH_inst15,cs_gbsa_dgm_cif,4,293,0.13706411250217537,0.0977406972482284,0.09529137529137525,0.2067599067599067
S1_linear_PH_inst15,cs_gbsa_dgm_cif,5,300,0.14406726428877092,0.1401797762533333,0.15666666666666662,0.31999999999999995
S1_linear_PH_inst15,cs_gbsa_dgm_cif,6,300,0.15148992216249454,0.1476829588566666,0.16999999999999996,0.33666666666666667
S1_linear_PH_inst15,cs_gbsa_dgm_cif,7,300,0.15637285100249843,0.1524461603233333,0.17999999999999994,0.29000000000000004
S1_linear_PH_inst15,cs_gbsa_dgm_cif,8,308,0.16220954016478517,0.1782665335255274,0.14012658227848102,0.27590717299578055
S1_linear_PH_inst15,cs_gbsa_dgm_cif,9,292,0.1725637471096957,0.22153959640915488,0.23877934272300466,0.30920187793427223
S1_linear_PH_inst15,cs_gbsa_dgm_cif,10,300,0.19855905309398514,0.2728792318166666,0.25999999999999995,0.31
S1_linear_PH_inst15,cs_rsf_all_safe_cif,1,300,0.0520035450459681,0.0626697709733333,0.0533333333333333,0.20999999999999996
S1_linear_PH_inst15,cs_rsf_all_safe_cif,2,300,0.07919241488732365,0.0822177249533333,0.09,0.2633333333333333
S1_linear_PH_inst15,cs_rsf_all_safe_cif,3,300,0.09933015980971954,0.09511965682999995,0.12666666666666665,0.29000000000000004
S1_linear_PH_inst15,cs_rsf_all_safe_cif,4,300,0.1191499268305985,0.1091421249233333,0.08999999999999994,0.29666666666666663
S1_linear_PH_inst15,cs_rsf_all_safe_cif,5,300,0.13649852716228783,0.1225604373333333,0.0933333333333333,0.29999999999999993
S1_linear_PH_inst15,cs_rsf_all_safe_cif,6,300,0.15696542034468694,0.14192085519666664,0.14999999999999997,0.30999999999999994
S1_linear_PH_inst15,cs_rsf_all_safe_cif,7,300,0.18121814980571224,0.1557574396766666,0.16999999999999996,0.2866666666666666
S1_linear_PH_inst15,cs_rsf_all_safe_cif,8,300,0.21144241415235498,0.1823170328,0.18,0.29
S1_linear_PH_inst15,cs_rsf_all_safe_cif,9,300,0.2545049245818623,0.22680962003,0.27,0.31666666666666665
S1_linear_PH_inst15,cs_rsf_all_safe_cif,10,300,0.35466716680078275,0.2915167477,0.27666666666666667,0.30666666666666664
S1_linear_PH_inst15,cs_rsf_dgm_cif,1,300,0.0480450029981942,0.05510705083999995,0.0366666666666666,0.10666666666666666
S1_linear_PH_inst15,cs_rsf_dgm_cif,2,300,0.07446050356930839,0.07351535401,0.09666666666666665,0.1933333333333333
S1_linear_PH_inst15,cs_rsf_dgm_cif,3,300,0.09478062443635474,0.0867560044933333,0.0933333333333333,0.2633333333333333
S1_linear_PH_inst15,cs_rsf_dgm_cif,4,300,0.11313234270184369,0.10697637684999994,0.1,0.26999999999999996
S1_linear_PH_inst15,cs_rsf_dgm_cif,5,300,0.13336434673170525,0.1229920272133333,0.1233333333333333,0.3033333333333333
S1_linear_PH_inst15,cs_rsf_dgm_cif,6,300,0.15515942911464137,0.14219392212999993,0.12333333333333331,0.33333333333333326
S1_linear_PH_inst15,cs_rsf_dgm_cif,7,300,0.17963926285087412,0.16466131911333332,0.17333333333333328,0.3566666666666667
S1_linear_PH_inst15,cs_rsf_dgm_cif,8,300,0.2073131390652591,0.19038847446666665,0.18999999999999995,0.32666666666666666
S1_linear_PH_inst15,cs_rsf_dgm_cif,9,300,0.2459376332631496,0.22398888286666663,0.27,0.35666666666666663
S1_linear_PH_inst15,cs_rsf_dgm_cif,10,300,0.3255336927121947,0.30345199843333326,0.29333333333333333,0.36
S1_linear_PH_inst15,finegray_all_safe_reduced_R,1,300,0.0442814758233018,0.0490550856533333,0.05666666666666665,0.20999999999999996
S1_linear_PH_inst15,finegray_all_safe_reduced_R,2,300,0.06838894600726719,0.07388867113999995,0.0733333333333333,0.23999999999999996
S1_linear_PH_inst15,finegray_all_safe_reduced_R,3,300,0.0855690746412825,0.0899701247933333,0.09999999999999995,0.2433333333333333
S1_linear_PH_inst15,finegray_all_safe_reduced_R,4,300,0.102570015146652,0.10744742392666659,0.0933333333333333,0.2699999999999999
S1_linear_PH_inst15,finegray_all_safe_reduced_R,5,300,0.11943089284640784,0.1245206259533333,0.1266666666666666,0.32999999999999996
S1_linear_PH_inst15,finegray_all_safe_reduced_R,6,300,0.13885584807136592,0.1418543372133333,0.12999999999999995,0.2866666666666667
S1_linear_PH_inst15,finegray_all_safe_reduced_R,7,300,0.16102022557666779,0.1674915806533333,0.1766666666666666,0.29333333333333333
S1_linear_PH_inst15,finegray_all_safe_reduced_R,8,300,0.18785178609424805,0.18691494333666664,0.18999999999999995,0.33333333333333326
S1_linear_PH_inst15,finegray_all_safe_reduced_R,9,300,0.2298426374942163,0.22385684617999996,0.24,0.31
S1_linear_PH_inst15,finegray_all_safe_reduced_R,10,300,0.33958838406318836,0.3050317715666667,0.31333333333333335,0.35333333333333333
S1_linear_PH_inst15,finegray_dgm_cif_R,1,300,0.041384365517993696,0.0448518931833333,0.0433333333333333,0.15666666666666662
S1_linear_PH_inst15,finegray_dgm_cif_R,2,300,0.06412745499907305,0.06898140924999996,0.06999999999999995,0.18666666666666665
S1_linear_PH_inst15,finegray_dgm_cif_R,3,300,0.08146604970244345,0.08680846107999995,0.09999999999999995,0.24000000000000002
S1_linear_PH_inst15,finegray_dgm_cif_R,4,300,0.09876556258310559,0.10699357197666665,0.1133333333333333,0.24666666666666665
S1_linear_PH_inst15,finegray_dgm_cif_R,5,300,0.11711123653852296,0.1261195918833333,0.10999999999999995,0.2866666666666666
S1_linear_PH_inst15,finegray_dgm_cif_R,6,300,0.13702464431264366,0.1430063764133333,0.14666666666666667,0.29999999999999993
S1_linear_PH_inst15,finegray_dgm_cif_R,7,300,0.1618822404668489,0.1639586352933333,0.16666666666666663,0.32333333333333325
S1_linear_PH_inst15,finegray_dgm_cif_R,8,300,0.1919815135589045,0.19437340187666663,0.19666666666666666,0.3566666666666667
S1_linear_PH_inst15,finegray_dgm_cif_R,9,300,0.2369213369915942,0.23277698144666664,0.23999999999999996,0.32999999999999996
S1_linear_PH_inst15,finegray_dgm_cif_R,10,300,0.3573882658272488,0.3021610880133333,0.3133333333333333,0.4433333333333333
S2_linear_PH_inst45,cs_gbsa_all_safe_cif,1,300,0.3283653104343526,0.1978327004833333,0.18999999999999995,0.14666666666666667
S2_linear_PH_inst45,cs_gbsa_all_safe_cif,2,300,0.3602057428793696,0.26941178581666664,0.26999999999999996,0.17333333333333328
S2_linear_PH_inst45,cs_gbsa_all_safe_cif,3,300,0.3896763389885924,0.32893321828333333,0.32999999999999996,0.2033333333333333
S2_linear_PH_inst45,cs_gbsa_all_safe_cif,4,300,0.41835602428489405,0.37596818619999994,0.4,0.2166666666666666
S2_linear_PH_inst45,cs_gbsa_all_safe_cif,5,300,0.44518010209411435,0.41903302453333335,0.42666666666666664,0.21666666666666665
S2_linear_PH_inst45,cs_gbsa_all_safe_cif,6,300,0.4705126535987775,0.4728251872,0.4533333333333333,0.2233333333333333
S2_linear_PH_inst45,cs_gbsa_all_safe_cif,7,300,0.49863247638273067,0.5100542761666667,0.51,0.21333333333333332
S2_linear_PH_inst45,cs_gbsa_all_safe_cif,8,300,0.5335044574907922,0.5671945085000001,0.5966666666666667,0.2266666666666666
S2_linear_PH_inst45,cs_gbsa_all_safe_cif,9,300,0.5764958623187112,0.6221761726333332,0.6266666666666667,0.2133333333333333
S2_linear_PH_inst45,cs_gbsa_all_safe_cif,10,300,0.6258645823948891,0.7046688234,0.6966666666666667,0.22
S2_linear_PH_inst45,cs_gbsa_dgm_cif,1,301,0.3333811760676305,0.19153625953666664,0.21264900662251657,0.12615894039735098
S2_linear_PH_inst45,cs_gbsa_dgm_cif,2,299,0.36238558854699277,0.2812665075519015,0.2842058165548098,0.17724832214765102
S2_linear_PH_inst45,cs_gbsa_dgm_cif,3,300,0.390221650008744,0.32483906199999996,0.32,0.21000000000000002
S2_linear_PH_inst45,cs_gbsa_dgm_cif,4,300,0.41831834275740465,0.3801944252,0.37,0.22666666666666663
S2_linear_PH_inst45,cs_gbsa_dgm_cif,5,300,0.44368045192037087,0.4152752539,0.41,0.2233333333333333
S2_linear_PH_inst45,cs_gbsa_dgm_cif,6,301,0.47175395576398205,0.47086313522737305,0.49843267108167766,0.20924944812362029
S2_linear_PH_inst45,cs_gbsa_dgm_cif,7,300,0.5022321921692406,0.5154424506999999,0.5033333333333334,0.21666666666666665
S2_linear_PH_inst45,cs_gbsa_dgm_cif,8,300,0.5354564138412321,0.5626383152000001,0.5666666666666667,0.20666666666666667
S2_linear_PH_inst45,cs_gbsa_dgm_cif,9,299,0.5724552899050392,0.627937669975839,0.648814317673378,0.22071588366890377
S2_linear_PH_inst45,cs_gbsa_dgm_cif,10,300,0.6200225732357518,0.6988233171666667,0.6866666666666668,0.23666666666666658
S2_linear_PH_inst45,cs_rsf_all_safe_cif,1,300,0.22542464156444264,0.20070635589999997,0.1966666666666666,0.1833333333333333
S2_linear_PH_inst45,cs_rsf_all_safe_cif,2,300,0.314922989153241,0.27637055459999993,0.3,0.17333333333333328
S2_linear_PH_inst45,cs_rsf_all_safe_cif,3,300,0.3751478560200619,0.33592720431666667,0.3333333333333333,0.20999999999999996
S2_linear_PH_inst45,cs_rsf_all_safe_cif,4,300,0.4266147783835575,0.3812437902,0.3566666666666666,0.21999999999999997
S2_linear_PH_inst45,cs_rsf_all_safe_cif,5,300,0.47199087471315315,0.4238298792666666,0.4533333333333333,0.21999999999999997
S2_linear_PH_inst45,cs_rsf_all_safe_cif,6,300,0.5171284466450192,0.47005112986666664,0.48333333333333334,0.21999999999999995
S2_linear_PH_inst45,cs_rsf_all_safe_cif,7,300,0.5609787770649681,0.5066198237333333,0.5333333333333334,0.17333333333333328
S2_linear_PH_inst45,cs_rsf_all_safe_cif,8,300,0.6071735032708545,0.5732636424666667,0.5466666666666666,0.2533333333333333
S2_linear_PH_inst45,cs_rsf_all_safe_cif,9,300,0.6572671074999197,0.6097724607333334,0.6066666666666667,0.2233333333333333
S2_linear_PH_inst45,cs_rsf_all_safe_cif,10,300,0.7292444813727517,0.6903130421333333,0.69,0.17666666666666664
S2_linear_PH_inst45,cs_rsf_dgm_cif,1,300,0.21245707283043053,0.18413170863333328,0.1933333333333333,0.1433333333333333
S2_linear_PH_inst45,cs_rsf_dgm_cif,2,300,0.3045658187322142,0.2713062605,0.28,0.1433333333333333
S2_linear_PH_inst45,cs_rsf_dgm_cif,3,300,0.35972183904551935,0.32850478981666664,0.33999999999999997,0.1966666666666666
S2_linear_PH_inst45,cs_rsf_dgm_cif,4,300,0.4100417759607815,0.37106531689999994,0.3633333333333333,0.20999999999999996
S2_linear_PH_inst45,cs_rsf_dgm_cif,5,300,0.45721647830113166,0.4215520540666666,0.43,0.21999999999999997
S2_linear_PH_inst45,cs_rsf_dgm_cif,6,300,0.5024099032276337,0.4700245817333333,0.44666666666666666,0.2633333333333333
S2_linear_PH_inst45,cs_rsf_dgm_cif,7,300,0.5514699290920562,0.5224275097666667,0.5233333333333333,0.23
S2_linear_PH_inst45,cs_rsf_dgm_cif,8,300,0.5949716324035679,0.5717937529666667,0.5966666666666667,0.23333333333333328
S2_linear_PH_inst45,cs_rsf_dgm_cif,9,300,0.6434695271590232,0.6229299976666667,0.6266666666666667,0.21666666666666665
S2_linear_PH_inst45,cs_rsf_dgm_cif,10,300,0.7106891555525316,0.7043619111666667,0.7,0.19666666666666666
S2_linear_PH_inst45,finegray_all_safe_reduced_R,1,300,0.18687370933659025,0.18791421224999993,0.2233333333333333,0.16
S2_linear_PH_inst45,finegray_all_safe_reduced_R,2,300,0.26946437913393295,0.2740722215,0.2733333333333333,0.1933333333333333
S2_linear_PH_inst45,finegray_all_safe_reduced_R,3,300,0.32071902579402534,0.32910084079999996,0.33666666666666656,0.1666666666666666
S2_linear_PH_inst45,finegray_all_safe_reduced_R,4,300,0.36663624771871706,0.37451435683333334,0.35999999999999993,0.25999999999999995
S2_linear_PH_inst45,finegray_all_safe_reduced_R,5,300,0.40756985615251207,0.42262411946666667,0.43666666666666665,0.20999999999999996
S2_linear_PH_inst45,finegray_all_safe_reduced_R,6,300,0.45242762523110663,0.46207965083333324,0.4633333333333334,0.21666666666666665
S2_linear_PH_inst45,finegray_all_safe_reduced_R,7,300,0.5000487289406348,0.5160540420666666,0.4933333333333333,0.21999999999999995
S2_linear_PH_inst45,finegray_all_safe_reduced_R,8,300,0.5588834012136192,0.5636034862666667,0.61,0.16999999999999996
S2_linear_PH_inst45,finegray_all_safe_reduced_R,9,300,0.6308246630849303,0.6257352138,0.62,0.21666666666666665
S2_linear_PH_inst45,finegray_all_safe_reduced_R,10,300,0.7642882297402217,0.7123997394,0.6833333333333333,0.24
S2_linear_PH_inst45,finegray_dgm_cif_R,1,300,0.1679303138171595,0.17353440638333328,0.18666666666666665,0.14
S2_linear_PH_inst45,finegray_dgm_cif_R,2,300,0.2513506829537409,0.2668202911333333,0.26999999999999996,0.15333333333333332
S2_linear_PH_inst45,finegray_dgm_cif_R,3,300,0.3033028833066026,0.32391494789999997,0.3133333333333333,0.18666666666666665
S2_linear_PH_inst45,finegray_dgm_cif_R,4,300,0.35088312071170635,0.37187231953333333,0.4,0.22666666666666666
S2_linear_PH_inst45,finegray_dgm_cif_R,5,300,0.39843571312852044,0.4267344819333333,0.43666666666666665,0.20999999999999996
S2_linear_PH_inst45,finegray_dgm_cif_R,6,300,0.4534529547432419,0.46780630156666664,0.42999999999999994,0.25
S2_linear_PH_inst45,finegray_dgm_cif_R,7,300,0.5114348137598167,0.5240597973000001,0.5333333333333333,0.20666666666666667
S2_linear_PH_inst45,finegray_dgm_cif_R,8,300,0.5744079692126163,0.5796361549666667,0.5766666666666667,0.20666666666666667
S2_linear_PH_inst45,finegray_dgm_cif_R,9,300,0.6548534952781797,0.6266860264666667,0.63,0.24666666666666665
S2_linear_PH_inst45,finegray_dgm_cif_R,10,300,0.7906167236699609,0.7070331560333334,0.7233333333333334,0.22666666666666663
S3_nonlinear_interaction_inst30,cs_gbsa_all_safe_cif,1,303,0.22435510418240964,0.1347595454920261,0.15156862745098035,0.30052287581699344
S3_nonlinear_interaction_inst30,cs_gbsa_all_safe_cif,2,309,0.2355031782298005,0.1207324712112289,0.1296630061195406,0.1318006538687232
S3_nonlinear_interaction_inst30,cs_gbsa_all_safe_cif,3,288,0.2442268357384384,0.1658138555259765,0.15344502921153008,0.2220076287962918
S3_nonlinear_interaction_inst30,cs_gbsa_all_safe_cif,4,300,0.2619206944104504,0.21883566883666666,0.2333333333333333,0.2633333333333333
S3_nonlinear_interaction_inst30,cs_gbsa_all_safe_cif,5,300,0.28421152069665084,0.24120675521666665,0.2766666666666666,0.2633333333333333
S3_nonlinear_interaction_inst30,cs_gbsa_all_safe_cif,6,301,0.301408431173617,0.2741261869377484,0.2424503311258278,0.249205298013245
S3_nonlinear_interaction_inst30,cs_gbsa_all_safe_cif,7,300,0.32296311791505417,0.3234149652333333,0.25666666666666665,0.27
S3_nonlinear_interaction_inst30,cs_gbsa_all_safe_cif,8,299,0.3511151070143491,0.39457553537091716,0.4113422818791946,0.24413870246085007
S3_nonlinear_interaction_inst30,cs_gbsa_all_safe_cif,9,300,0.4047244809256888,0.47783603943333336,0.45999999999999996,0.2366666666666666
S3_nonlinear_interaction_inst30,cs_gbsa_all_safe_cif,10,300,0.5121956716183832,0.6513088396,0.6866666666666666,0.1866666666666666
S3_nonlinear_interaction_inst30,cs_gbsa_dgm_cif,1,300,0.22346356741040668,0.1251406736466666,0.1333333333333333,0.2833333333333333
S3_nonlinear_interaction_inst30,cs_gbsa_dgm_cif,2,301,0.23586443121290235,0.13108282454233988,0.1262251655629139,0.1992273730684326
S3_nonlinear_interaction_inst30,cs_gbsa_dgm_cif,3,299,0.24731910317780786,0.16052813992243847,0.1738255033557047,0.1873601789709172
S3_nonlinear_interaction_inst30,cs_gbsa_dgm_cif,4,300,0.2632123037681784,0.22621178184666665,0.2666666666666666,0.21333333333333332
S3_nonlinear_interaction_inst30,cs_gbsa_dgm_cif,5,301,0.2859978585454811,0.27270677833675494,0.27245033112582784,0.3090066225165563
S3_nonlinear_interaction_inst30,cs_gbsa_dgm_cif,6,302,0.302605511243363,0.26978740636914944,0.24224678685791984,0.24215905601614246
S3_nonlinear_interaction_inst30,cs_gbsa_dgm_cif,7,297,0.3158650224853865,0.3118174666036734,0.2660544217687075,0.2593877551020408
S3_nonlinear_interaction_inst30,cs_gbsa_dgm_cif,8,301,0.34299052996346024,0.3671603459682119,0.3554746136865342,0.24907284768211918
S3_nonlinear_interaction_inst30,cs_gbsa_dgm_cif,9,300,0.4090906876419394,0.49059447443333337,0.4866666666666666,0.2233333333333333
S3_nonlinear_interaction_inst30,cs_gbsa_dgm_cif,10,299,0.517861358732697,0.6465578028930647,0.6788590604026845,0.20064876957494399
S3_nonlinear_interaction_inst30,cs_rsf_all_safe_cif,1,300,0.1132014306629251,0.1035762398333333,0.1033333333333333,0.16666666666666663
S3_nonlinear_interaction_inst30,cs_rsf_all_safe_cif,2,300,0.1621094569245184,0.1406238340733333,0.1633333333333333,0.24666666666666665
S3_nonlinear_interaction_inst30,cs_rsf_all_safe_cif,3,300,0.20299084177105214,0.1696200116133333,0.1833333333333333,0.21666666666666665
S3_nonlinear_interaction_inst30,cs_rsf_all_safe_cif,4,300,0.2433607858425476,0.20927850741666665,0.18999999999999995,0.2433333333333333
S3_nonlinear_interaction_inst30,cs_rsf_all_safe_cif,5,300,0.28668881450161177,0.2440874359666666,0.2433333333333333,0.2633333333333333
S3_nonlinear_interaction_inst30,cs_rsf_all_safe_cif,6,300,0.32905751762506874,0.2758773823333333,0.2566666666666666,0.26
S3_nonlinear_interaction_inst30,cs_rsf_all_safe_cif,7,300,0.3808714000107983,0.33112328014666664,0.3133333333333333,0.2633333333333333
S3_nonlinear_interaction_inst30,cs_rsf_all_safe_cif,8,300,0.44286944601394246,0.40072918486666664,0.4,0.2766666666666666
S3_nonlinear_interaction_inst30,cs_rsf_all_safe_cif,9,300,0.5321693559583949,0.4904675438333333,0.5,0.2433333333333333
S3_nonlinear_interaction_inst30,cs_rsf_all_safe_cif,10,300,0.6660566326202754,0.6348438040333333,0.6466666666666667,0.18666666666666665
S3_nonlinear_interaction_inst30,cs_rsf_dgm_cif,1,300,0.1068971321585927,0.09964966799999994,0.10999999999999996,0.1266666666666666
S3_nonlinear_interaction_inst30,cs_rsf_dgm_cif,2,300,0.15458686458571774,0.13172665654999993,0.1333333333333333,0.20999999999999996
S3_nonlinear_interaction_inst30,cs_rsf_dgm_cif,3,300,0.1951066816495715,0.16514790496999995,0.12666666666666665,0.2033333333333333
S3_nonlinear_interaction_inst30,cs_rsf_dgm_cif,4,300,0.2339648818897072,0.2016112419666666,0.21666666666666665,0.26999999999999996
S3_nonlinear_interaction_inst30,cs_rsf_dgm_cif,5,300,0.27261705181896556,0.2322283492633333,0.27666666666666667,0.24666666666666665
S3_nonlinear_interaction_inst30,cs_rsf_dgm_cif,6,300,0.3151118344773104,0.2806016601333333,0.25999999999999995,0.26666666666666666
S3_nonlinear_interaction_inst30,cs_rsf_dgm_cif,7,300,0.3645655993735247,0.3286362639666667,0.32666666666666666,0.27666666666666667
S3_nonlinear_interaction_inst30,cs_rsf_dgm_cif,8,300,0.43111781877615196,0.39641411846666663,0.34333333333333327,0.35
S3_nonlinear_interaction_inst30,cs_rsf_dgm_cif,9,300,0.514036549766614,0.49807124013333337,0.5033333333333333,0.23333333333333328
S3_nonlinear_interaction_inst30,cs_rsf_dgm_cif,10,300,0.6495750736329466,0.6661401206666666,0.7033333333333334,0.1833333333333333
S3_nonlinear_interaction_inst30,finegray_all_safe_reduced_R,1,300,0.07827759426900595,0.09343186350999995,0.0933333333333333,0.18999999999999995
S3_nonlinear_interaction_inst30,finegray_all_safe_reduced_R,2,300,0.12630995268544765,0.13455807376999995,0.16999999999999993,0.19666666666666666
S3_nonlinear_interaction_inst30,finegray_all_safe_reduced_R,3,300,0.16177210101193054,0.1642116664066666,0.14999999999999997,0.23666666666666664
S3_nonlinear_interaction_inst30,finegray_all_safe_reduced_R,4,300,0.2001809634698413,0.2040030543933333,0.24,0.2033333333333333
S3_nonlinear_interaction_inst30,finegray_all_safe_reduced_R,5,300,0.24205025891616938,0.24448572545000002,0.23666666666666658,0.2633333333333333
S3_nonlinear_interaction_inst30,finegray_all_safe_reduced_R,6,300,0.2865495192084429,0.2798389443533333,0.27,0.29666666666666663
S3_nonlinear_interaction_inst30,finegray_all_safe_reduced_R,7,300,0.3409909371894462,0.3294254755666667,0.29666666666666663,0.2799999999999999
S3_nonlinear_interaction_inst30,finegray_all_safe_reduced_R,8,300,0.40672487394628515,0.4049368438333333,0.39,0.25333333333333335
S3_nonlinear_interaction_inst30,finegray_all_safe_reduced_R,9,300,0.5006280447472194,0.47853826453333337,0.43666666666666665,0.25999999999999995
S3_nonlinear_interaction_inst30,finegray_all_safe_reduced_R,10,300,0.7048571814628917,0.6667973123000001,0.7166666666666666,0.18666666666666665
S3_nonlinear_interaction_inst30,finegray_dgm_cif_R,1,300,0.07009087866573345,0.09007085465,0.0933333333333333,0.13999999999999996
S3_nonlinear_interaction_inst30,finegray_dgm_cif_R,2,300,0.1158772480250759,0.1298939575633333,0.12999999999999995,0.17999999999999994
S3_nonlinear_interaction_inst30,finegray_dgm_cif_R,3,300,0.15687607089921518,0.1665926934466666,0.16666666666666666,0.1933333333333333
S3_nonlinear_interaction_inst30,finegray_dgm_cif_R,4,300,0.19544135071637145,0.19595693575666662,0.22,0.21666666666666667
S3_nonlinear_interaction_inst30,finegray_dgm_cif_R,5,300,0.2339863207896376,0.2330291776666666,0.2633333333333333,0.25
S3_nonlinear_interaction_inst30,finegray_dgm_cif_R,6,300,0.28321463273666136,0.28409989049999995,0.2633333333333333,0.25999999999999995
S3_nonlinear_interaction_inst30,finegray_dgm_cif_R,7,300,0.3428630637410106,0.32974114786666664,0.2866666666666666,0.33666666666666667
S3_nonlinear_interaction_inst30,finegray_dgm_cif_R,8,300,0.41690642809309586,0.3996224083333333,0.36666666666666664,0.30000000000000004
S3_nonlinear_interaction_inst30,finegray_dgm_cif_R,9,300,0.5206901877460172,0.4965969860666667,0.49,0.2733333333333333
S3_nonlinear_interaction_inst30,finegray_dgm_cif_R,10,300,0.7263055325134606,0.6746231722666667,0.72,0.21666666666666662
S4_nonPH_inst30,cs_gbsa_all_safe_cif,1,315,0.23244536917223535,0.1241887887354545,0.14212121212121204,0.12787878787878784
S4_nonPH_inst30,cs_gbsa_all_safe_cif,2,285,0.2413465076712992,0.15099055216370366,0.17962962962962958,0.15666666666666665
S4_nonPH_inst30,cs_gbsa_all_safe_cif,3,301,0.25288365709568467,0.19710300743708603,0.22604856512141275,0.20267108167770415
S4_nonPH_inst30,cs_gbsa_all_safe_cif,4,300,0.27271267723351733,0.2375489871266666,0.25666666666666665,0.24999999999999994
S4_nonPH_inst30,cs_gbsa_all_safe_cif,5,299,0.2952796171140952,0.2490056935238031,0.25747203579418343,0.26760626398210285
S4_nonPH_inst30,cs_gbsa_all_safe_cif,6,300,0.30869061006666315,0.29167745335,0.2866666666666666,0.26666666666666666
S4_nonPH_inst30,cs_gbsa_all_safe_cif,7,300,0.3245162589603081,0.3442601580666666,0.35333333333333333,0.2533333333333333
S4_nonPH_inst30,cs_gbsa_all_safe_cif,8,301,0.3456356300399248,0.3829225711443708,0.3721633554083885,0.29222958057395143
S4_nonPH_inst30,cs_gbsa_all_safe_cif,9,299,0.37858915299809065,0.46870654229105146,0.41136465324384786,0.3277181208053691
S4_nonPH_inst30,cs_gbsa_all_safe_cif,10,300,0.4367184404003991,0.5593811636666667,0.5166666666666666,0.2766666666666666
S4_nonPH_inst30,cs_gbsa_dgm_cif,1,300,0.2299391165272721,0.11033406801666659,0.1266666666666666,0.10666666666666666
S4_nonPH_inst30,cs_gbsa_dgm_cif,2,303,0.24216339097763412,0.16487911841973854,0.1879738562091503,0.1718300653594771
S4_nonPH_inst30,cs_gbsa_dgm_cif,3,300,0.25217340432426905,0.19582947959281644,0.2102596017069701,0.20385846372688476
S4_nonPH_inst30,cs_gbsa_dgm_cif,4,299,0.2703451494139628,0.23967740660394665,0.2675183461607302,0.25758457132629314
S4_nonPH_inst30,cs_gbsa_dgm_cif,5,310,0.29483940901930283,0.26385634523125,0.2652083333333333,0.2520833333333333
S4_nonPH_inst30,cs_gbsa_dgm_cif,6,288,0.3120169962839931,0.30639902990942025,0.3084057971014492,0.3042028985507246
S4_nonPH_inst30,cs_gbsa_dgm_cif,7,302,0.3286439704070562,0.3197040444052631,0.3310087719298245,0.25206140350877193
S4_nonPH_inst30,cs_gbsa_dgm_cif,8,298,0.34869224339954724,0.3965760931531531,0.3622522522522522,0.31896396396396387
S4_nonPH_inst30,cs_gbsa_dgm_cif,9,300,0.3756825266785674,0.46208409796666666,0.43,0.2766666666666666
S4_nonPH_inst30,cs_gbsa_dgm_cif,10,300,0.43263969029917027,0.5496805244,0.5166666666666666,0.2866666666666666
S4_nonPH_inst30,cs_rsf_all_safe_cif,1,300,0.14723210989053595,0.1074739001033333,0.13666666666666666,0.1533333333333333
S4_nonPH_inst30,cs_rsf_all_safe_cif,2,300,0.20507644326989083,0.1542963241633333,0.1933333333333333,0.12333333333333331
S4_nonPH_inst30,cs_rsf_all_safe_cif,3,300,0.24800855673383282,0.18864371964999999,0.1933333333333333,0.1833333333333333
S4_nonPH_inst30,cs_rsf_all_safe_cif,4,300,0.28149163703006524,0.2208287681233333,0.2866666666666666,0.20999999999999996
S4_nonPH_inst30,cs_rsf_all_safe_cif,5,300,0.31070487001828717,0.2715813051166666,0.2533333333333333,0.32666666666666666
S4_nonPH_inst30,cs_rsf_all_safe_cif,6,300,0.34245648487724084,0.30590957902000004,0.3333333333333333,0.29
S4_nonPH_inst30,cs_rsf_all_safe_cif,7,300,0.3744932876710704,0.3387454171666666,0.32333333333333325,0.2899999999999999
S4_nonPH_inst30,cs_rsf_all_safe_cif,8,300,0.4148633015648472,0.3933637040333333,0.38,0.29
S4_nonPH_inst30,cs_rsf_all_safe_cif,9,300,0.4650363317357037,0.442800624,0.3933333333333333,0.30333333333333334
S4_nonPH_inst30,cs_rsf_all_safe_cif,10,300,0.5584390218525453,0.5809524037333333,0.5066666666666666,0.2533333333333333
S4_nonPH_inst30,cs_rsf_dgm_cif,1,300,0.1222877647284964,0.10263955612333331,0.11666666666666665,0.12666666666666665
S4_nonPH_inst30,cs_rsf_dgm_cif,2,300,0.1788775615542843,0.14480071242999995,0.15999999999999995,0.15333333333333332
S4_nonPH_inst30,cs_rsf_dgm_cif,3,300,0.22054182143371576,0.18595576230666666,0.2233333333333333,0.15666666666666665
S4_nonPH_inst30,cs_rsf_dgm_cif,4,300,0.2589923303456727,0.2250867245833333,0.2633333333333333,0.2033333333333333
S4_nonPH_inst30,cs_rsf_dgm_cif,5,300,0.2957794891992665,0.2676971598333333,0.2666666666666666,0.23333333333333328
S4_nonPH_inst30,cs_rsf_dgm_cif,6,300,0.33059272537617446,0.30171245143333325,0.2933333333333333,0.29666666666666663
S4_nonPH_inst30,cs_rsf_dgm_cif,7,300,0.36779397925230944,0.3404802140666666,0.31666666666666665,0.33333333333333326
S4_nonPH_inst30,cs_rsf_dgm_cif,8,300,0.40909976595878456,0.39772872256666664,0.3933333333333333,0.32666666666666666
S4_nonPH_inst30,cs_rsf_dgm_cif,9,300,0.4601226725244819,0.46563062333333327,0.44333333333333336,0.30666666666666664
S4_nonPH_inst30,cs_rsf_dgm_cif,10,300,0.5484918929084209,0.5728638184333333,0.5233333333333333,0.2866666666666666
S4_nonPH_inst30,finegray_all_safe_reduced_R,1,300,0.10740971515062561,0.09414450283333331,0.1466666666666666,0.13
S4_nonPH_inst30,finegray_all_safe_reduced_R,2,300,0.15559900902745216,0.14671573301999996,0.15000000000000002,0.14666666666666667
S4_nonPH_inst30,finegray_all_safe_reduced_R,3,300,0.19443621009596562,0.18647501174999995,0.2066666666666666,0.19666666666666666
S4_nonPH_inst30,finegray_all_safe_reduced_R,4,300,0.22797428525716465,0.2325944354066666,0.25999999999999995,0.23666666666666666
S4_nonPH_inst30,finegray_all_safe_reduced_R,5,300,0.26092691797029366,0.25542141983333333,0.24999999999999994,0.27
S4_nonPH_inst30,finegray_all_safe_reduced_R,6,300,0.29660472189201276,0.3085450356999999,0.31666666666666665,0.2833333333333333
S4_nonPH_inst30,finegray_all_safe_reduced_R,7,300,0.3355481050206284,0.34947510946666666,0.32999999999999996,0.25333333333333335
S4_nonPH_inst30,finegray_all_safe_reduced_R,8,300,0.3855118630967671,0.39552675429999995,0.37666666666666665,0.30999999999999994
S4_nonPH_inst30,finegray_all_safe_reduced_R,9,300,0.45577459898451134,0.4572505248,0.42333333333333334,0.30999999999999994
S4_nonPH_inst30,finegray_all_safe_reduced_R,10,300,0.6076230699232907,0.578447218,0.54,0.2866666666666666
S4_nonPH_inst30,finegray_dgm_cif_R,1,300,0.10072685083596,0.09274837892333329,0.13,0.1
S4_nonPH_inst30,finegray_dgm_cif_R,2,300,0.1496329397974847,0.14334757612999993,0.1566666666666666,0.14666666666666667
S4_nonPH_inst30,finegray_dgm_cif_R,3,300,0.18635006656960357,0.18344174740666666,0.1933333333333333,0.20666666666666667
S4_nonPH_inst30,finegray_dgm_cif_R,4,300,0.22275234174069086,0.2246916932166666,0.27666666666666667,0.16999999999999996
S4_nonPH_inst30,finegray_dgm_cif_R,5,300,0.25897312823897783,0.2691144586333333,0.24666666666666665,0.2533333333333333
S4_nonPH_inst30,finegray_dgm_cif_R,6,300,0.29836467349411067,0.30808468053333327,0.29999999999999993,0.2866666666666666
S4_nonPH_inst30,finegray_dgm_cif_R,7,300,0.3393760465024076,0.34922289326666667,0.29333333333333333,0.34333333333333327
S4_nonPH_inst30,finegray_dgm_cif_R,8,300,0.3929981735615154,0.4006651257666667,0.3966666666666666,0.25999999999999995
S4_nonPH_inst30,finegray_dgm_cif_R,9,300,0.46817348270003645,0.4663923603,0.4733333333333334,0.31666666666666665
S4_nonPH_inst30,finegray_dgm_cif_R,10,300,0.6261008426658253,0.5668868309333334,0.5333333333333333,0.33999999999999997
S5_MAR_missingness_inst30,cs_gbsa_all_safe_cif,1,300,0.2290101045162682,0.1266663840933333,0.10999999999999995,0.13666666666666666
S5_MAR_missingness_inst30,cs_gbsa_all_safe_cif,2,300,0.2440528158732986,0.16111654894999994,0.15999999999999995,0.15666666666666665
S5_MAR_missingness_inst30,cs_gbsa_all_safe_cif,3,300,0.26295662904916645,0.2075664063766666,0.22,0.25666666666666665
S5_MAR_missingness_inst30,cs_gbsa_all_safe_cif,4,300,0.27917650012925277,0.23391333221999994,0.2433333333333333,0.2733333333333333
S5_MAR_missingness_inst30,cs_gbsa_all_safe_cif,5,300,0.2925019841125075,0.2628166629033333,0.24666666666666665,0.30333333333333334
S5_MAR_missingness_inst30,cs_gbsa_all_safe_cif,6,300,0.3083994901938506,0.29223874716666665,0.30666666666666664,0.2533333333333333
S5_MAR_missingness_inst30,cs_gbsa_all_safe_cif,7,300,0.3303444685970707,0.33604361726666665,0.3633333333333333,0.2533333333333333
S5_MAR_missingness_inst30,cs_gbsa_all_safe_cif,8,300,0.34944643371638184,0.3731334218,0.39,0.25333333333333335
S5_MAR_missingness_inst30,cs_gbsa_all_safe_cif,9,300,0.37450998881261677,0.4272817159666666,0.45,0.2533333333333333
S5_MAR_missingness_inst30,cs_gbsa_all_safe_cif,10,300,0.4214375368724025,0.5255801589333333,0.51,0.31000000000000005
S5_MAR_missingness_inst30,cs_gbsa_dgm_cif,1,301,0.2286467046478364,0.1271442140938852,0.12615894039735098,0.11642384105960266
S5_MAR_missingness_inst30,cs_gbsa_dgm_cif,2,299,0.2449495803840637,0.16032317503579416,0.12711409395973156,0.1704697986577181
S5_MAR_missingness_inst30,cs_gbsa_dgm_cif,3,300,0.26087740582453867,0.21921837541666667,0.23999999999999994,0.22
S5_MAR_missingness_inst30,cs_gbsa_dgm_cif,4,301,0.27916595320984683,0.24293244409472398,0.255916114790287,0.29560706401766
S5_MAR_missingness_inst30,cs_gbsa_dgm_cif,5,299,0.29602275229349573,0.2523214371799552,0.2609619686800895,0.26751677852349
S5_MAR_missingness_inst30,cs_gbsa_dgm_cif,6,301,0.3130250176240203,0.29679816404503306,0.2923841059602649,0.2790728476821192
S5_MAR_missingness_inst30,cs_gbsa_dgm_cif,7,301,0.33136921262540514,0.3371706836315673,0.3621633554083885,0.2525165562913907
S5_MAR_missingness_inst30,cs_gbsa_dgm_cif,8,298,0.35083520586317096,0.374794961442953,0.3791946308724832,0.2651006711409396
S5_MAR_missingness_inst30,cs_gbsa_dgm_cif,9,300,0.3733936050260258,0.4240618384666667,0.41999999999999993,0.2866666666666666
S5_MAR_missingness_inst30,cs_gbsa_dgm_cif,10,300,0.4132712478467388,0.5121852803333333,0.5366666666666666,0.29666666666666663
S5_MAR_missingness_inst30,cs_rsf_all_safe_cif,1,300,0.13892640065266265,0.11974671889666665,0.12333333333333331,0.13666666666666666
S5_MAR_missingness_inst30,cs_rsf_all_safe_cif,2,300,0.20209354494623555,0.16675609602666658,0.1433333333333333,0.21333333333333332
S5_MAR_missingness_inst30,cs_rsf_all_safe_cif,3,300,0.24028144169834242,0.20555552254999998,0.21000000000000002,0.25666666666666665
S5_MAR_missingness_inst30,cs_rsf_all_safe_cif,4,300,0.2742683577695806,0.2392888351833333,0.24,0.24666666666666665
S5_MAR_missingness_inst30,cs_rsf_all_safe_cif,5,300,0.30633205560521803,0.26393861347,0.2333333333333333,0.26999999999999996
S5_MAR_missingness_inst30,cs_rsf_all_safe_cif,6,300,0.34309789935116236,0.29720086931666667,0.3333333333333333,0.2633333333333333
S5_MAR_missingness_inst30,cs_rsf_all_safe_cif,7,300,0.3806678663661522,0.32833834216666663,0.3466666666666667,0.22999999999999995
S5_MAR_missingness_inst30,cs_rsf_all_safe_cif,8,300,0.4217266923412978,0.3715787070333333,0.42,0.24999999999999994
S5_MAR_missingness_inst30,cs_rsf_all_safe_cif,9,300,0.47124279230165367,0.4312182704666666,0.44999999999999996,0.3
S5_MAR_missingness_inst30,cs_rsf_all_safe_cif,10,300,0.5717738869742837,0.5227350205666667,0.5,0.2833333333333333
S5_MAR_missingness_inst30,cs_rsf_dgm_cif,1,300,0.1229835971018334,0.11034828750333331,0.0933333333333333,0.0933333333333333
S5_MAR_missingness_inst30,cs_rsf_dgm_cif,2,300,0.18467351245758676,0.16143611465666666,0.14,0.16
S5_MAR_missingness_inst30,cs_rsf_dgm_cif,3,300,0.22596904840554366,0.19668912191666665,0.21666666666666667,0.19999999999999996
S5_MAR_missingness_inst30,cs_rsf_dgm_cif,4,300,0.26338590105334087,0.22770379589999995,0.24666666666666665,0.26
S5_MAR_missingness_inst30,cs_rsf_dgm_cif,5,300,0.2980311799707802,0.2646719293,0.26666666666666666,0.24999999999999994
S5_MAR_missingness_inst30,cs_rsf_dgm_cif,6,300,0.33371906783073596,0.3018316416333333,0.26666666666666666,0.31
S5_MAR_missingness_inst30,cs_rsf_dgm_cif,7,300,0.3726843755228978,0.33840881963333336,0.3833333333333333,0.29333333333333333
S5_MAR_missingness_inst30,cs_rsf_dgm_cif,8,300,0.4125494069526314,0.37882912923333334,0.3966666666666666,0.2866666666666666
S5_MAR_missingness_inst30,cs_rsf_dgm_cif,9,300,0.46033411493872656,0.42962957556666664,0.45999999999999996,0.28
S5_MAR_missingness_inst30,cs_rsf_dgm_cif,10,300,0.5373156233205879,0.5368085803333333,0.53,0.3166666666666666
S5_MAR_missingness_inst30,finegray_all_safe_reduced_R,1,300,0.1151929595805597,0.1127386497566666,0.11,0.1066666666666666
S5_MAR_missingness_inst30,finegray_all_safe_reduced_R,2,300,0.1646176851579571,0.1648794679133333,0.1833333333333333,0.23333333333333328
S5_MAR_missingness_inst30,finegray_all_safe_reduced_R,3,300,0.2025489201832415,0.1997130598733333,0.2133333333333333,0.2333333333333333
S5_MAR_missingness_inst30,finegray_all_safe_reduced_R,4,300,0.2345692974532974,0.2296972812633333,0.22999999999999993,0.23333333333333328
S5_MAR_missingness_inst30,finegray_all_safe_reduced_R,5,300,0.2659504982488564,0.27117362800333333,0.2466666666666666,0.2666666666666666
S5_MAR_missingness_inst30,finegray_all_safe_reduced_R,6,300,0.2995383711112236,0.3012313474666667,0.35,0.23666666666666658
S5_MAR_missingness_inst30,finegray_all_safe_reduced_R,7,300,0.33629513149515733,0.3315254479333333,0.34333333333333327,0.30000000000000004
S5_MAR_missingness_inst30,finegray_all_safe_reduced_R,8,300,0.3821488699224215,0.37355707229999996,0.3633333333333333,0.24666666666666665
S5_MAR_missingness_inst30,finegray_all_safe_reduced_R,9,300,0.44392664293591794,0.42486508796666667,0.41999999999999993,0.30666666666666664
S5_MAR_missingness_inst30,finegray_all_safe_reduced_R,10,300,0.5849799176253292,0.5369759532,0.54,0.2866666666666666
S5_MAR_missingness_inst30,finegray_dgm_cif_R,1,300,0.10296704182230546,0.10220968077999995,0.0933333333333333,0.09999999999999995
S5_MAR_missingness_inst30,finegray_dgm_cif_R,2,300,0.15508684888994456,0.15584384553000002,0.11666666666666665,0.17
S5_MAR_missingness_inst30,finegray_dgm_cif_R,3,300,0.19270794685400533,0.1957727558333333,0.23333333333333328,0.2133333333333333
S5_MAR_missingness_inst30,finegray_dgm_cif_R,4,300,0.2260925965994007,0.2279944447333333,0.2133333333333333,0.2533333333333333
S5_MAR_missingness_inst30,finegray_dgm_cif_R,5,300,0.26215800348362744,0.26523276593333334,0.29666666666666663,0.22666666666666666
S5_MAR_missingness_inst30,finegray_dgm_cif_R,6,300,0.30072624762150785,0.29916389776666663,0.2833333333333333,0.2633333333333333
S5_MAR_missingness_inst30,finegray_dgm_cif_R,7,300,0.3431888292208406,0.3377238931,0.38,0.29333333333333333
S5_MAR_missingness_inst30,finegray_dgm_cif_R,8,300,0.39323273707222806,0.3922065705333333,0.41,0.2799999999999999
S5_MAR_missingness_inst30,finegray_dgm_cif_R,9,300,0.45820106960258694,0.4343272611,0.45,0.30000000000000004
S5_MAR_missingness_inst30,finegray_dgm_cif_R,10,300,0.6046847974832588,0.5358818803666667,0.5233333333333333,0.35
S6_highdim_sparseMRI_inst30,cs_gbsa_all_safe_cif,1,300,0.21493871476755938,0.11753563957999995,0.12666666666666665,0.31666666666666665
S6_highdim_sparseMRI_inst30,cs_gbsa_all_safe_cif,2,300,0.2292981607176131,0.1179953148133333,0.11666666666666664,0.23333333333333328
S6_highdim_sparseMRI_inst30,cs_gbsa_all_safe_cif,3,300,0.24340242158134962,0.17145457885999993,0.17666666666666664,0.23333333333333328
S6_highdim_sparseMRI_inst30,cs_gbsa_all_safe_cif,4,300,0.26012076732370726,0.21275572243999996,0.18999999999999995,0.25999999999999995
S6_highdim_sparseMRI_inst30,cs_gbsa_all_safe_cif,5,300,0.27990151972026245,0.24857504219999998,0.21333333333333332,0.26
S6_highdim_sparseMRI_inst30,cs_gbsa_all_safe_cif,6,300,0.30278602055056636,0.29387158196666663,0.29333333333333333,0.29999999999999993
S6_highdim_sparseMRI_inst30,cs_gbsa_all_safe_cif,7,300,0.331833754582407,0.3379888687,0.3733333333333333,0.23666666666666664
S6_highdim_sparseMRI_inst30,cs_gbsa_all_safe_cif,8,300,0.36642256101596904,0.40659751786666665,0.43,0.2233333333333333
S6_highdim_sparseMRI_inst30,cs_gbsa_all_safe_cif,9,300,0.4144068812203008,0.48793801010000004,0.49,0.26666666666666666
S6_highdim_sparseMRI_inst30,cs_gbsa_all_safe_cif,10,300,0.4998827458067482,0.6556276204666667,0.5900000000000001,0.2433333333333333
S6_highdim_sparseMRI_inst30,cs_gbsa_dgm_cif,1,317,0.22213127407700312,0.10492558399265464,0.14049900199600796,0.24473053892215568
S6_highdim_sparseMRI_inst30,cs_gbsa_dgm_cif,2,283,0.23904913682900852,0.14289924586388464,0.13057644110275685,0.23526315789473679
S6_highdim_sparseMRI_inst30,cs_gbsa_dgm_cif,3,300,0.2560177931111012,0.17773235970666665,0.1833333333333333,0.23333333333333328
S6_highdim_sparseMRI_inst30,cs_gbsa_dgm_cif,4,300,0.27146279992522965,0.2128696081733333,0.1933333333333333,0.23666666666666664
S6_highdim_sparseMRI_inst30,cs_gbsa_dgm_cif,5,300,0.28820294526739476,0.25330339049999995,0.25666666666666665,0.2633333333333333
S6_highdim_sparseMRI_inst30,cs_gbsa_dgm_cif,6,300,0.3057933189644817,0.2974966794666667,0.2733333333333333,0.32999999999999996
S6_highdim_sparseMRI_inst30,cs_gbsa_dgm_cif,7,300,0.3278979790488882,0.34829387703333325,0.4,0.20999999999999996
S6_highdim_sparseMRI_inst30,cs_gbsa_dgm_cif,8,300,0.3537395004191133,0.39964649527999996,0.43333333333333335,0.2633333333333333
S6_highdim_sparseMRI_inst30,cs_gbsa_dgm_cif,9,300,0.3931352050667573,0.49577817860000006,0.42999999999999994,0.2733333333333333
S6_highdim_sparseMRI_inst30,cs_gbsa_dgm_cif,10,300,0.46340227117792043,0.6196339078,0.5566666666666666,0.2799999999999999
S6_highdim_sparseMRI_inst30,cs_rsf_all_safe_cif,1,300,0.09182085253052966,0.08945061696999995,0.09999999999999995,0.23666666666666666
S6_highdim_sparseMRI_inst30,cs_rsf_all_safe_cif,2,300,0.14503545030608112,0.13034503949999995,0.15999999999999995,0.17999999999999994
S6_highdim_sparseMRI_inst30,cs_rsf_all_safe_cif,3,300,0.19475267838106325,0.17210149091999993,0.1633333333333333,0.28
S6_highdim_sparseMRI_inst30,cs_rsf_all_safe_cif,4,300,0.23947785426596305,0.21015667898999996,0.22,0.23333333333333328
S6_highdim_sparseMRI_inst30,cs_rsf_all_safe_cif,5,300,0.2852266336239426,0.2523002644333333,0.22666666666666663,0.2833333333333333
S6_highdim_sparseMRI_inst30,cs_rsf_all_safe_cif,6,300,0.33477498892132096,0.29227919504666666,0.27666666666666667,0.3166666666666666
S6_highdim_sparseMRI_inst30,cs_rsf_all_safe_cif,7,300,0.39009603531068704,0.3418880403,0.4033333333333333,0.2699999999999999
S6_highdim_sparseMRI_inst30,cs_rsf_all_safe_cif,8,300,0.4547751596040935,0.4121431828666667,0.39,0.2766666666666666
S6_highdim_sparseMRI_inst30,cs_rsf_all_safe_cif,9,300,0.5315079337512969,0.4872938765666667,0.48333333333333334,0.2633333333333333
S6_highdim_sparseMRI_inst30,cs_rsf_all_safe_cif,10,300,0.6567777554803922,0.6623815114,0.5766666666666667,0.2333333333333333
S6_highdim_sparseMRI_inst30,cs_rsf_dgm_cif,1,300,0.0990013679311681,0.0980539970066666,0.09999999999999995,0.2033333333333333
S6_highdim_sparseMRI_inst30,cs_rsf_dgm_cif,2,300,0.15548966808251102,0.13504983308,0.19,0.2133333333333333
S6_highdim_sparseMRI_inst30,cs_rsf_dgm_cif,3,300,0.2025318947638415,0.17767836826999994,0.19666666666666666,0.23666666666666664
S6_highdim_sparseMRI_inst30,cs_rsf_dgm_cif,4,300,0.24428857110785235,0.21168956575999995,0.1833333333333333,0.2733333333333333
S6_highdim_sparseMRI_inst30,cs_rsf_dgm_cif,5,300,0.2857011585271204,0.24604337502999996,0.23999999999999994,0.29999999999999993
S6_highdim_sparseMRI_inst30,cs_rsf_dgm_cif,6,300,0.3270544181652443,0.3005641188,0.2866666666666666,0.2799999999999999
S6_highdim_sparseMRI_inst30,cs_rsf_dgm_cif,7,300,0.3719476874174483,0.34500086781333333,0.3833333333333333,0.25666666666666665
S6_highdim_sparseMRI_inst30,cs_rsf_dgm_cif,8,300,0.4272570585538019,0.40445236736666657,0.37,0.2833333333333333
S6_highdim_sparseMRI_inst30,cs_rsf_dgm_cif,9,300,0.4908817454456664,0.4927778746,0.4666666666666667,0.27666666666666667
S6_highdim_sparseMRI_inst30,cs_rsf_dgm_cif,10,300,0.5964374550964936,0.6390295292666667,0.5833333333333334,0.24999999999999994
S6_highdim_sparseMRI_inst30,finegray_all_safe_reduced_R,1,300,0.080890129853684,0.0780921190933333,0.09999999999999995,0.22999999999999995
S6_highdim_sparseMRI_inst30,finegray_all_safe_reduced_R,2,300,0.13227860341966968,0.1306135059266666,0.14666666666666667,0.1933333333333333
S6_highdim_sparseMRI_inst30,finegray_all_safe_reduced_R,3,300,0.17065693250010106,0.16779431452999993,0.15000000000000002,0.21333333333333332
S6_highdim_sparseMRI_inst30,finegray_all_safe_reduced_R,4,300,0.20768593643664104,0.2082193235433333,0.17999999999999994,0.29999999999999993
S6_highdim_sparseMRI_inst30,finegray_all_safe_reduced_R,5,300,0.2455756834573467,0.2503510812666666,0.2733333333333333,0.2766666666666666
S6_highdim_sparseMRI_inst30,finegray_all_safe_reduced_R,6,300,0.2873923762911582,0.2936221522333333,0.29666666666666663,0.26999999999999996
S6_highdim_sparseMRI_inst30,finegray_all_safe_reduced_R,7,300,0.34327875625438226,0.3502125153333333,0.35666666666666663,0.2833333333333333
S6_highdim_sparseMRI_inst30,finegray_all_safe_reduced_R,8,300,0.40371764926919523,0.40810826516666665,0.43666666666666665,0.25999999999999995
S6_highdim_sparseMRI_inst30,finegray_all_safe_reduced_R,9,300,0.49746072533504804,0.4950946191333333,0.4433333333333333,0.2866666666666666
S6_highdim_sparseMRI_inst30,finegray_all_safe_reduced_R,10,300,0.6942638663355674,0.6682320007666667,0.6166666666666667,0.25999999999999995
S6_highdim_sparseMRI_inst30,finegray_dgm_cif_R,1,300,0.0818987260331599,0.08477474243999994,0.1033333333333333,0.22999999999999993
S6_highdim_sparseMRI_inst30,finegray_dgm_cif_R,2,300,0.13168359056210038,0.1395589179466666,0.15000000000000002,0.21333333333333332
S6_highdim_sparseMRI_inst30,finegray_dgm_cif_R,3,300,0.1698176391786373,0.17784058099999994,0.18666666666666665,0.28
S6_highdim_sparseMRI_inst30,finegray_dgm_cif_R,4,300,0.2034942532977034,0.21008588022666663,0.21999999999999995,0.2733333333333333
S6_highdim_sparseMRI_inst30,finegray_dgm_cif_R,5,300,0.24053697509454064,0.2465408814466666,0.23666666666666664,0.26666666666666666
S6_highdim_sparseMRI_inst30,finegray_dgm_cif_R,6,300,0.2830983573432432,0.29948576366666657,0.3533333333333333,0.2433333333333333
S6_highdim_sparseMRI_inst30,finegray_dgm_cif_R,7,300,0.3336573772796507,0.35118596016666664,0.33333333333333326,0.2533333333333333
S6_highdim_sparseMRI_inst30,finegray_dgm_cif_R,8,300,0.3965803806883884,0.40529374493333326,0.35,0.29666666666666663
S6_highdim_sparseMRI_inst30,finegray_dgm_cif_R,9,300,0.4881248223918291,0.4835546093666666,0.4766666666666667,0.28
S6_highdim_sparseMRI_inst30,finegray_dgm_cif_R,10,300,0.6792985316772582,0.6520188158,0.5900000000000001,0.23666666666666658
S7_strong_death_competing_inst30,cs_gbsa_all_safe_cif,1,301,0.2360845488301141,0.1603152809481457,0.169448123620309,0.32918322295805735
S7_strong_death_competing_inst30,cs_gbsa_all_safe_cif,2,305,0.24814047358887986,0.16544398576453512,0.16382127805968866,0.22920787821450073
S7_strong_death_competing_inst30,cs_gbsa_all_safe_cif,3,294,0.2581606958611933,0.20720763275336718,0.21110853968988655,0.2515621383938903
S7_strong_death_competing_inst30,cs_gbsa_all_safe_cif,4,301,0.2735632167837355,0.24365476690397347,0.2424724061810154,0.3189183222958057
S7_strong_death_competing_inst30,cs_gbsa_all_safe_cif,5,299,0.28873989827378754,0.2767082490324384,0.2406263982102908,0.35787472035794177
S7_strong_death_competing_inst30,cs_gbsa_all_safe_cif,6,300,0.3038386290578987,0.2982547235,0.23999999999999994,0.3733333333333333
S7_strong_death_competing_inst30,cs_gbsa_all_safe_cif,7,300,0.3209050442236947,0.3368542142333333,0.3666666666666666,0.3133333333333333
S7_strong_death_competing_inst30,cs_gbsa_all_safe_cif,8,300,0.34156823371055606,0.3757994970666666,0.41,0.2899999999999999
S7_strong_death_competing_inst30,cs_gbsa_all_safe_cif,9,300,0.3681864882691227,0.4260435735,0.37999999999999995,0.3466666666666667
S7_strong_death_competing_inst30,cs_gbsa_all_safe_cif,10,300,0.43594474064325106,0.5209648613,0.5766666666666667,0.2433333333333333
S7_strong_death_competing_inst30,cs_gbsa_dgm_cif,1,306,0.23540014839329998,0.1523193408507692,0.16679487179487174,0.2665384615384615
S7_strong_death_competing_inst30,cs_gbsa_dgm_cif,2,294,0.24926475276835536,0.1707878761573611,0.16999999999999996,0.25402777777777774
S7_strong_death_competing_inst30,cs_gbsa_dgm_cif,3,300,0.2624335828330955,0.21412897199666658,0.2266666666666666,0.23999999999999994
S7_strong_death_competing_inst30,cs_gbsa_dgm_cif,4,300,0.2774593851817537,0.24373092664999996,0.23999999999999996,0.33666666666666656
S7_strong_death_competing_inst30,cs_gbsa_dgm_cif,5,300,0.2914066352231443,0.27807921375,0.2233333333333333,0.38
S7_strong_death_competing_inst30,cs_gbsa_dgm_cif,6,300,0.3036005281269104,0.30363904179999995,0.29000000000000004,0.30666666666666664
S7_strong_death_competing_inst30,cs_gbsa_dgm_cif,7,300,0.3164419182581986,0.3399329854,0.35,0.3566666666666666
S7_strong_death_competing_inst30,cs_gbsa_dgm_cif,8,300,0.3358851940803643,0.36916832009999995,0.3833333333333333,0.3033333333333333
S7_strong_death_competing_inst30,cs_gbsa_dgm_cif,9,300,0.3678052919264256,0.42287377396666664,0.4066666666666666,0.31999999999999995
S7_strong_death_competing_inst30,cs_gbsa_dgm_cif,10,300,0.43498604259091167,0.5152958292666667,0.5433333333333333,0.2866666666666667
S7_strong_death_competing_inst30,cs_rsf_all_safe_cif,1,300,0.14964116368083885,0.13707751453666667,0.1166666666666666,0.2433333333333333
S7_strong_death_competing_inst30,cs_rsf_all_safe_cif,2,300,0.1940287607431587,0.17640980398999995,0.17999999999999994,0.2833333333333333
S7_strong_death_competing_inst30,cs_rsf_all_safe_cif,3,300,0.22978665374212226,0.21020525192999995,0.21333333333333332,0.3
S7_strong_death_competing_inst30,cs_rsf_all_safe_cif,4,300,0.26678099570341585,0.24405488579999995,0.26666666666666666,0.29999999999999993
S7_strong_death_competing_inst30,cs_rsf_all_safe_cif,5,300,0.30125713642609253,0.2701851268733333,0.24666666666666665,0.29333333333333333
S7_strong_death_competing_inst30,cs_rsf_all_safe_cif,6,300,0.33724340365142347,0.3005373522,0.3,0.32999999999999996
S7_strong_death_competing_inst30,cs_rsf_all_safe_cif,7,300,0.3770485801455109,0.3396317536666666,0.30333333333333334,0.36999999999999994
S7_strong_death_competing_inst30,cs_rsf_all_safe_cif,8,300,0.4170500054152674,0.3744826447333333,0.3766666666666667,0.33999999999999997
S7_strong_death_competing_inst30,cs_rsf_all_safe_cif,9,300,0.4685509886211597,0.4283584164666666,0.45666666666666667,0.31666666666666665
S7_strong_death_competing_inst30,cs_rsf_all_safe_cif,10,300,0.5664662306134971,0.5292674766333333,0.54,0.2766666666666666
S7_strong_death_competing_inst30,cs_rsf_dgm_cif,1,300,0.1353552294829231,0.12493331625999995,0.1033333333333333,0.20999999999999996
S7_strong_death_competing_inst30,cs_rsf_dgm_cif,2,300,0.19016747828912786,0.1687639416533333,0.17666666666666664,0.23999999999999994
S7_strong_death_competing_inst30,cs_rsf_dgm_cif,3,300,0.22772781920306395,0.20945250760333325,0.21999999999999995,0.27
S7_strong_death_competing_inst30,cs_rsf_dgm_cif,4,300,0.2610534972142301,0.23605560994666663,0.23666666666666664,0.29
S7_strong_death_competing_inst30,cs_rsf_dgm_cif,5,300,0.29537103122597175,0.2699005476666667,0.2866666666666667,0.2866666666666666
S7_strong_death_competing_inst30,cs_rsf_dgm_cif,6,300,0.3292203659081649,0.30461475066666666,0.2866666666666667,0.36
S7_strong_death_competing_inst30,cs_rsf_dgm_cif,7,300,0.36398024654932437,0.3457546572666666,0.32999999999999996,0.3533333333333333
S7_strong_death_competing_inst30,cs_rsf_dgm_cif,8,300,0.40024342338289115,0.3842897751333333,0.37333333333333335,0.38666666666666666
S7_strong_death_competing_inst30,cs_rsf_dgm_cif,9,300,0.4504181519379509,0.4313851678666667,0.4266666666666667,0.38
S7_strong_death_competing_inst30,cs_rsf_dgm_cif,10,300,0.5370949924548547,0.5350599527666666,0.56,0.27666666666666667
S7_strong_death_competing_inst30,finegray_all_safe_reduced_R,1,300,0.112934881647555,0.12046073821666664,0.1233333333333333,0.19999999999999996
S7_strong_death_competing_inst30,finegray_all_safe_reduced_R,2,300,0.16286478799232523,0.1705356087533333,0.1433333333333333,0.30000000000000004
S7_strong_death_competing_inst30,finegray_all_safe_reduced_R,3,300,0.2025477843137204,0.2142318410933333,0.22666666666666666,0.2633333333333333
S7_strong_death_competing_inst30,finegray_all_safe_reduced_R,4,300,0.2347579587679809,0.24213812936666665,0.19999999999999996,0.33999999999999997
S7_strong_death_competing_inst30,finegray_all_safe_reduced_R,5,300,0.2648466453588014,0.26710351483333333,0.30666666666666664,0.29666666666666663
S7_strong_death_competing_inst30,finegray_all_safe_reduced_R,6,300,0.3002459497327111,0.30485964460000003,0.27,0.3566666666666667
S7_strong_death_competing_inst30,finegray_all_safe_reduced_R,7,300,0.3388647473137385,0.3389984813333333,0.33333333333333326,0.33666666666666667
S7_strong_death_competing_inst30,finegray_all_safe_reduced_R,8,300,0.38753671952000157,0.3823060719333333,0.3933333333333333,0.33333333333333326
S7_strong_death_competing_inst30,finegray_all_safe_reduced_R,9,300,0.4521895406140096,0.4271030292333333,0.44999999999999996,0.32999999999999996
S7_strong_death_competing_inst30,finegray_all_safe_reduced_R,10,300,0.5837825862745388,0.5424731674666667,0.5533333333333333,0.29666666666666663
S7_strong_death_competing_inst30,finegray_dgm_cif_R,1,300,0.10734717508478464,0.11030050251999995,0.12666666666666665,0.1633333333333333
S7_strong_death_competing_inst30,finegray_dgm_cif_R,2,300,0.15943240765774847,0.1659679055433333,0.16666666666666663,0.24666666666666665
S7_strong_death_competing_inst30,finegray_dgm_cif_R,3,300,0.195148163930631,0.20791536649999998,0.21000000000000002,0.26666666666666666
S7_strong_death_competing_inst30,finegray_dgm_cif_R,4,300,0.22714055823152052,0.23329100279999995,0.21,0.3066666666666666
S7_strong_death_competing_inst30,finegray_dgm_cif_R,5,300,0.2623960672069376,0.27285801946666666,0.22999999999999995,0.32
S7_strong_death_competing_inst30,finegray_dgm_cif_R,6,300,0.3000741509956767,0.31059209776666663,0.33999999999999997,0.35666666666666663
S7_strong_death_competing_inst30,finegray_dgm_cif_R,7,300,0.342197026371145,0.3401646333999999,0.33999999999999997,0.38
S7_strong_death_competing_inst30,finegray_dgm_cif_R,8,300,0.39388520656831827,0.38635837269999995,0.3866666666666666,0.36666666666666664
S7_strong_death_competing_inst30,finegray_dgm_cif_R,9,300,0.4659098886545343,0.4398624528,0.43,0.32666666666666666
S7_strong_death_competing_inst30,finegray_dgm_cif_R,10,300,0.5973785070637756,0.5428998733333333,0.56,0.31999999999999995
