scenario_id,model,metric,model_value,oracle_value,gap,flag_name,needs_audit
S0_linear_PH_inst30,cs_gbsa_all_safe_cif,risk5_mae_vs_true_risk_mean,0.08031232312980655,0.0,0.08031232312980655,mae_better_than_oracle,False
S0_linear_PH_inst30,cs_gbsa_all_safe_cif,auc_5y_observed_event1_mean,0.6596259259259258,0.6960403174603175,-0.03641439153439163,auc_exceeds_oracle,False
S0_linear_PH_inst30,cs_gbsa_all_safe_cif,cause_specific_cindex_event1_mean,0.6736600343714116,0.7041759180368307,-0.03051588366541902,cindex_exceeds_oracle,False
S0_linear_PH_inst30,cs_gbsa_all_safe_cif,risk5_spearman_with_true_risk_mean,0.8141348597139568,,,spearman_below_0_50,False
S0_linear_PH_inst30,cs_gbsa_all_safe_cif,calibration_slope_5y_mean,1.96398650859957,,,calibration_slope_outside_0_5_to_1_5,True
S0_linear_PH_inst30,cs_gbsa_dgm_cif,risk5_mae_vs_true_risk_mean,0.08216144184777971,0.0,0.08216144184777971,mae_better_than_oracle,False
S0_linear_PH_inst30,cs_gbsa_dgm_cif,auc_5y_observed_event1_mean,0.6721301587301587,0.6960403174603175,-0.02391015873015878,auc_exceeds_oracle,False
S0_linear_PH_inst30,cs_gbsa_dgm_cif,cause_specific_cindex_event1_mean,0.6838331226841194,0.7041759180368307,-0.020342795352711218,cindex_exceeds_oracle,False
S0_linear_PH_inst30,cs_gbsa_dgm_cif,risk5_spearman_with_true_risk_mean,0.8331840094760407,,,spearman_below_0_50,False
S0_linear_PH_inst30,cs_gbsa_dgm_cif,calibration_slope_5y_mean,2.3432068487613025,,,calibration_slope_outside_0_5_to_1_5,True
S0_linear_PH_inst30,cs_rsf_all_safe_cif,risk5_mae_vs_true_risk_mean,0.0641590380452535,0.0,0.0641590380452535,mae_better_than_oracle,False
S0_linear_PH_inst30,cs_rsf_all_safe_cif,auc_5y_observed_event1_mean,0.6688560846560847,0.6960403174603175,-0.027184232804232766,auc_exceeds_oracle,False
S0_linear_PH_inst30,cs_rsf_all_safe_cif,cause_specific_cindex_event1_mean,0.6825520187159293,0.7041759180368307,-0.021623899320901363,cindex_exceeds_oracle,False
S0_linear_PH_inst30,cs_rsf_all_safe_cif,risk5_spearman_with_true_risk_mean,0.8410189728973213,,,spearman_below_0_50,False
S0_linear_PH_inst30,cs_rsf_all_safe_cif,calibration_slope_5y_mean,1.0194583892946296,,,calibration_slope_outside_0_5_to_1_5,False
S0_linear_PH_inst30,cs_rsf_dgm_cif,risk5_mae_vs_true_risk_mean,0.0503350428776384,0.0,0.0503350428776384,mae_better_than_oracle,False
S0_linear_PH_inst30,cs_rsf_dgm_cif,auc_5y_observed_event1_mean,0.6841322751322751,0.6960403174603175,-0.011908042328042323,auc_exceeds_oracle,False
S0_linear_PH_inst30,cs_rsf_dgm_cif,cause_specific_cindex_event1_mean,0.7004520047165201,0.7041759180368307,-0.0037239133203105235,cindex_exceeds_oracle,False
S0_linear_PH_inst30,cs_rsf_dgm_cif,risk5_spearman_with_true_risk_mean,0.9093054210246316,,,spearman_below_0_50,False
S0_linear_PH_inst30,cs_rsf_dgm_cif,calibration_slope_5y_mean,1.1113242094217308,,,calibration_slope_outside_0_5_to_1_5,False
S0_linear_PH_inst30,finegray_all_safe_reduced_R,risk5_mae_vs_true_risk_mean,0.05435442958452645,0.0,0.05435442958452645,mae_better_than_oracle,False
S0_linear_PH_inst30,finegray_all_safe_reduced_R,auc_5y_observed_event1_mean,0.6837375661375662,0.6960403174603175,-0.01230275132275127,auc_exceeds_oracle,False
S0_linear_PH_inst30,finegray_all_safe_reduced_R,cause_specific_cindex_event1_mean,0.6805229345417876,0.7041759180368307,-0.02365298349504308,cindex_exceeds_oracle,False
S0_linear_PH_inst30,finegray_all_safe_reduced_R,risk5_spearman_with_true_risk_mean,0.8748896563954028,,,spearman_below_0_50,False
S0_linear_PH_inst30,finegray_all_safe_reduced_R,calibration_slope_5y_mean,0.962214903111249,,,calibration_slope_outside_0_5_to_1_5,False
S0_linear_PH_inst30,finegray_dgm_cif_R,risk5_mae_vs_true_risk_mean,0.0412802050542422,0.0,0.0412802050542422,mae_better_than_oracle,False
S0_linear_PH_inst30,finegray_dgm_cif_R,auc_5y_observed_event1_mean,0.6969544973544973,0.6960403174603175,0.0009141798941798562,auc_exceeds_oracle,False
S0_linear_PH_inst30,finegray_dgm_cif_R,cause_specific_cindex_event1_mean,0.7029131859129489,0.7041759180368307,-0.0012627321238817268,cindex_exceeds_oracle,False
S0_linear_PH_inst30,finegray_dgm_cif_R,risk5_spearman_with_true_risk_mean,0.9407095700931423,,,spearman_below_0_50,False
S0_linear_PH_inst30,finegray_dgm_cif_R,calibration_slope_5y_mean,0.9685054882628537,,,calibration_slope_outside_0_5_to_1_5,False
S1_linear_PH_inst15,cs_gbsa_all_safe_cif,risk5_mae_vs_true_risk_mean,0.05688210903950655,0.0,0.05688210903950655,mae_better_than_oracle,False
S1_linear_PH_inst15,cs_gbsa_all_safe_cif,auc_5y_observed_event1_mean,0.6172069716775599,0.6831674074074074,-0.06596043572984756,auc_exceeds_oracle,False
S1_linear_PH_inst15,cs_gbsa_all_safe_cif,cause_specific_cindex_event1_mean,0.6550159198253962,0.7042872063163241,-0.049271286490927935,cindex_exceeds_oracle,False
S1_linear_PH_inst15,cs_gbsa_all_safe_cif,risk5_spearman_with_true_risk_mean,0.5941957864784981,,,spearman_below_0_50,False
S1_linear_PH_inst15,cs_gbsa_all_safe_cif,calibration_slope_5y_mean,2.0331933863198786,,,calibration_slope_outside_0_5_to_1_5,True
S1_linear_PH_inst15,cs_gbsa_dgm_cif,risk5_mae_vs_true_risk_mean,0.0565489449018057,0.0,0.0565489449018057,mae_better_than_oracle,False
S1_linear_PH_inst15,cs_gbsa_dgm_cif,auc_5y_observed_event1_mean,0.6242701525054466,0.6831674074074074,-0.05889725490196085,auc_exceeds_oracle,False
S1_linear_PH_inst15,cs_gbsa_dgm_cif,cause_specific_cindex_event1_mean,0.6612125880247041,0.7042872063163241,-0.04307461829162007,cindex_exceeds_oracle,False
S1_linear_PH_inst15,cs_gbsa_dgm_cif,risk5_spearman_with_true_risk_mean,0.6710937939484536,,,spearman_below_0_50,False
S1_linear_PH_inst15,cs_gbsa_dgm_cif,calibration_slope_5y_mean,2.885861506255819,,,calibration_slope_outside_0_5_to_1_5,True
S1_linear_PH_inst15,cs_rsf_all_safe_cif,risk5_mae_vs_true_risk_mean,0.04377867968689905,0.0,0.04377867968689905,mae_better_than_oracle,False
S1_linear_PH_inst15,cs_rsf_all_safe_cif,auc_5y_observed_event1_mean,0.6523834422657951,0.6831674074074074,-0.0307839651416123,auc_exceeds_oracle,False
S1_linear_PH_inst15,cs_rsf_all_safe_cif,cause_specific_cindex_event1_mean,0.67137635526206,0.7042872063163241,-0.03291085105426417,cindex_exceeds_oracle,False
S1_linear_PH_inst15,cs_rsf_all_safe_cif,risk5_spearman_with_true_risk_mean,0.7805630384724617,,,spearman_below_0_50,False
S1_linear_PH_inst15,cs_rsf_all_safe_cif,calibration_slope_5y_mean,0.8148986813096872,,,calibration_slope_outside_0_5_to_1_5,False
S1_linear_PH_inst15,cs_rsf_dgm_cif,risk5_mae_vs_true_risk_mean,0.03450560800767605,0.0,0.03450560800767605,mae_better_than_oracle,False
S1_linear_PH_inst15,cs_rsf_dgm_cif,auc_5y_observed_event1_mean,0.6669647058823529,0.6831674074074074,-0.01620270152505454,auc_exceeds_oracle,False
S1_linear_PH_inst15,cs_rsf_dgm_cif,cause_specific_cindex_event1_mean,0.6903609505168514,0.7042872063163241,-0.013926255799472709,cindex_exceeds_oracle,False
S1_linear_PH_inst15,cs_rsf_dgm_cif,risk5_spearman_with_true_risk_mean,0.8669880795502577,,,spearman_below_0_50,False
S1_linear_PH_inst15,cs_rsf_dgm_cif,calibration_slope_5y_mean,0.9584695179849413,,,calibration_slope_outside_0_5_to_1_5,False
S1_linear_PH_inst15,finegray_all_safe_reduced_R,risk5_mae_vs_true_risk_mean,0.032113388030076004,0.0,0.032113388030076004,mae_better_than_oracle,False
S1_linear_PH_inst15,finegray_all_safe_reduced_R,auc_5y_observed_event1_mean,0.664094117647059,0.6831674074074074,-0.0190732897603485,auc_exceeds_oracle,False
S1_linear_PH_inst15,finegray_all_safe_reduced_R,cause_specific_cindex_event1_mean,0.670884737826094,0.7042872063163241,-0.0334024684902301,cindex_exceeds_oracle,False
S1_linear_PH_inst15,finegray_all_safe_reduced_R,risk5_spearman_with_true_risk_mean,0.8780325129033392,,,spearman_below_0_50,False
S1_linear_PH_inst15,finegray_all_safe_reduced_R,calibration_slope_5y_mean,0.8336145585666033,,,calibration_slope_outside_0_5_to_1_5,False
S1_linear_PH_inst15,finegray_dgm_cif_R,risk5_mae_vs_true_risk_mean,0.02803470915714945,0.0,0.02803470915714945,mae_better_than_oracle,False
S1_linear_PH_inst15,finegray_dgm_cif_R,auc_5y_observed_event1_mean,0.6682823529411764,0.6831674074074074,-0.014885054466231007,auc_exceeds_oracle,False
S1_linear_PH_inst15,finegray_dgm_cif_R,cause_specific_cindex_event1_mean,0.6866638094380793,0.7042872063163241,-0.01762339687824488,cindex_exceeds_oracle,False
S1_linear_PH_inst15,finegray_dgm_cif_R,risk5_spearman_with_true_risk_mean,0.9207817123474278,,,spearman_below_0_50,False
S1_linear_PH_inst15,finegray_dgm_cif_R,calibration_slope_5y_mean,0.7647338558342003,,,calibration_slope_outside_0_5_to_1_5,False
S2_linear_PH_inst45,cs_gbsa_all_safe_cif,risk5_mae_vs_true_risk_mean,0.0836924423848308,0.0,0.0836924423848308,mae_better_than_oracle,False
S2_linear_PH_inst45,cs_gbsa_all_safe_cif,auc_5y_observed_event1_mean,0.677263748597082,0.7018918249158248,-0.024628076318742753,auc_exceeds_oracle,False
S2_linear_PH_inst45,cs_gbsa_all_safe_cif,cause_specific_cindex_event1_mean,0.6711199338613972,0.6992684451098363,-0.02814851124843909,cindex_exceeds_oracle,False
S2_linear_PH_inst45,cs_gbsa_all_safe_cif,risk5_spearman_with_true_risk_mean,0.8869292717926665,,,spearman_below_0_50,False
S2_linear_PH_inst45,cs_gbsa_all_safe_cif,calibration_slope_5y_mean,1.7430940998632205,,,calibration_slope_outside_0_5_to_1_5,True
S2_linear_PH_inst45,cs_gbsa_dgm_cif,risk5_mae_vs_true_risk_mean,0.08512922276424895,0.0,0.08512922276424895,mae_better_than_oracle,False
S2_linear_PH_inst45,cs_gbsa_dgm_cif,auc_5y_observed_event1_mean,0.6746473625140292,0.7018918249158248,-0.027244462401795566,auc_exceeds_oracle,False
S2_linear_PH_inst45,cs_gbsa_dgm_cif,cause_specific_cindex_event1_mean,0.6692727702700025,0.6992684451098363,-0.029995674839833786,cindex_exceeds_oracle,False
S2_linear_PH_inst45,cs_gbsa_dgm_cif,risk5_spearman_with_true_risk_mean,0.8841508308627295,,,spearman_below_0_50,False
S2_linear_PH_inst45,cs_gbsa_dgm_cif,calibration_slope_5y_mean,1.7652084905952734,,,calibration_slope_outside_0_5_to_1_5,True
S2_linear_PH_inst45,cs_rsf_all_safe_cif,risk5_mae_vs_true_risk_mean,0.0782425234223311,0.0,0.0782425234223311,mae_better_than_oracle,False
S2_linear_PH_inst45,cs_rsf_all_safe_cif,auc_5y_observed_event1_mean,0.6677827160493828,0.7018918249158248,-0.03410910886644203,auc_exceeds_oracle,False
S2_linear_PH_inst45,cs_rsf_all_safe_cif,cause_specific_cindex_event1_mean,0.6648821482969232,0.6992684451098363,-0.034386296812913164,cindex_exceeds_oracle,False
S2_linear_PH_inst45,cs_rsf_all_safe_cif,risk5_spearman_with_true_risk_mean,0.8549975177766747,,,spearman_below_0_50,False
S2_linear_PH_inst45,cs_rsf_all_safe_cif,calibration_slope_5y_mean,0.9663269921820485,,,calibration_slope_outside_0_5_to_1_5,False
S2_linear_PH_inst45,cs_rsf_dgm_cif,risk5_mae_vs_true_risk_mean,0.06270866284731055,0.0,0.06270866284731055,mae_better_than_oracle,False
S2_linear_PH_inst45,cs_rsf_dgm_cif,auc_5y_observed_event1_mean,0.679892255892256,0.7018918249158248,-0.02199956902356881,auc_exceeds_oracle,False
S2_linear_PH_inst45,cs_rsf_dgm_cif,cause_specific_cindex_event1_mean,0.6768045984360196,0.6992684451098363,-0.022463846673816734,cindex_exceeds_oracle,False
S2_linear_PH_inst45,cs_rsf_dgm_cif,risk5_spearman_with_true_risk_mean,0.9077124283166349,,,spearman_below_0_50,False
S2_linear_PH_inst45,cs_rsf_dgm_cif,calibration_slope_5y_mean,1.045329557848872,,,calibration_slope_outside_0_5_to_1_5,False
S2_linear_PH_inst45,finegray_all_safe_reduced_R,risk5_mae_vs_true_risk_mean,0.0601312169598757,0.0,0.0601312169598757,mae_better_than_oracle,False
S2_linear_PH_inst45,finegray_all_safe_reduced_R,auc_5y_observed_event1_mean,0.672263973063973,0.7018918249158248,-0.029627851851851794,auc_exceeds_oracle,False
S2_linear_PH_inst45,finegray_all_safe_reduced_R,cause_specific_cindex_event1_mean,0.6577489280985103,0.6992684451098363,-0.04151951701132606,cindex_exceeds_oracle,False
S2_linear_PH_inst45,finegray_all_safe_reduced_R,risk5_spearman_with_true_risk_mean,0.9015534922459967,,,spearman_below_0_50,False
S2_linear_PH_inst45,finegray_all_safe_reduced_R,calibration_slope_5y_mean,0.851008084495289,,,calibration_slope_outside_0_5_to_1_5,False
S2_linear_PH_inst45,finegray_dgm_cif_R,risk5_mae_vs_true_risk_mean,0.05360501401838755,0.0,0.05360501401838755,mae_better_than_oracle,False
S2_linear_PH_inst45,finegray_dgm_cif_R,auc_5y_observed_event1_mean,0.6841418630751964,0.7018918249158248,-0.01774996184062838,auc_exceeds_oracle,False
S2_linear_PH_inst45,finegray_dgm_cif_R,cause_specific_cindex_event1_mean,0.6736135801063561,0.6992684451098363,-0.025654865003480243,cindex_exceeds_oracle,False
S2_linear_PH_inst45,finegray_dgm_cif_R,risk5_spearman_with_true_risk_mean,0.9303740934995972,,,spearman_below_0_50,False
S2_linear_PH_inst45,finegray_dgm_cif_R,calibration_slope_5y_mean,0.7945471131485111,,,calibration_slope_outside_0_5_to_1_5,False
S3_nonlinear_interaction_inst30,cs_gbsa_all_safe_cif,risk5_mae_vs_true_risk_mean,0.1010002111628158,0.0,0.1010002111628158,mae_better_than_oracle,False
S3_nonlinear_interaction_inst30,cs_gbsa_all_safe_cif,auc_5y_observed_event1_mean,0.7019666666666666,0.7403853968253968,-0.03841873015873021,auc_exceeds_oracle,False
S3_nonlinear_interaction_inst30,cs_gbsa_all_safe_cif,cause_specific_cindex_event1_mean,0.7117193256968561,0.744805770885036,-0.033086445188179825,cindex_exceeds_oracle,False
S3_nonlinear_interaction_inst30,cs_gbsa_all_safe_cif,risk5_spearman_with_true_risk_mean,0.8333942569091878,,,spearman_below_0_50,False
S3_nonlinear_interaction_inst30,cs_gbsa_all_safe_cif,calibration_slope_5y_mean,2.0042504353455377,,,calibration_slope_outside_0_5_to_1_5,True
S3_nonlinear_interaction_inst30,cs_gbsa_dgm_cif,risk5_mae_vs_true_risk_mean,0.101801112049577,0.0,0.101801112049577,mae_better_than_oracle,False
S3_nonlinear_interaction_inst30,cs_gbsa_dgm_cif,auc_5y_observed_event1_mean,0.7002798941798942,0.7403853968253968,-0.04010550264550261,auc_exceeds_oracle,False
S3_nonlinear_interaction_inst30,cs_gbsa_dgm_cif,cause_specific_cindex_event1_mean,0.7094964506976593,0.744805770885036,-0.03530932018737665,cindex_exceeds_oracle,False
S3_nonlinear_interaction_inst30,cs_gbsa_dgm_cif,risk5_spearman_with_true_risk_mean,0.82196196568729,,,spearman_below_0_50,False
S3_nonlinear_interaction_inst30,cs_gbsa_dgm_cif,calibration_slope_5y_mean,2.009531370009987,,,calibration_slope_outside_0_5_to_1_5,True
S3_nonlinear_interaction_inst30,cs_rsf_all_safe_cif,risk5_mae_vs_true_risk_mean,0.08100421998902199,0.0,0.08100421998902199,mae_better_than_oracle,False
S3_nonlinear_interaction_inst30,cs_rsf_all_safe_cif,auc_5y_observed_event1_mean,0.710621164021164,0.7403853968253968,-0.029764232804232793,auc_exceeds_oracle,False
S3_nonlinear_interaction_inst30,cs_rsf_all_safe_cif,cause_specific_cindex_event1_mean,0.7120369933641475,0.744805770885036,-0.03276877752088847,cindex_exceeds_oracle,False
S3_nonlinear_interaction_inst30,cs_rsf_all_safe_cif,risk5_spearman_with_true_risk_mean,0.8590843640374952,,,spearman_below_0_50,False
S3_nonlinear_interaction_inst30,cs_rsf_all_safe_cif,calibration_slope_5y_mean,1.0238821998561924,,,calibration_slope_outside_0_5_to_1_5,False
S3_nonlinear_interaction_inst30,cs_rsf_dgm_cif,risk5_mae_vs_true_risk_mean,0.06343625911959169,0.0,0.06343625911959169,mae_better_than_oracle,False
S3_nonlinear_interaction_inst30,cs_rsf_dgm_cif,auc_5y_observed_event1_mean,0.725357671957672,0.7403853968253968,-0.015027724867724856,auc_exceeds_oracle,False
S3_nonlinear_interaction_inst30,cs_rsf_dgm_cif,cause_specific_cindex_event1_mean,0.7296727285715414,0.744805770885036,-0.015133042313494549,cindex_exceeds_oracle,False
S3_nonlinear_interaction_inst30,cs_rsf_dgm_cif,risk5_spearman_with_true_risk_mean,0.9093554814913252,,,spearman_below_0_50,False
S3_nonlinear_interaction_inst30,cs_rsf_dgm_cif,calibration_slope_5y_mean,1.1282987636016784,,,calibration_slope_outside_0_5_to_1_5,False
S3_nonlinear_interaction_inst30,finegray_all_safe_reduced_R,risk5_mae_vs_true_risk_mean,0.05992031179352275,0.0,0.05992031179352275,mae_better_than_oracle,False
S3_nonlinear_interaction_inst30,finegray_all_safe_reduced_R,auc_5y_observed_event1_mean,0.7150867724867724,0.7403853968253968,-0.025298624338624398,auc_exceeds_oracle,False
S3_nonlinear_interaction_inst30,finegray_all_safe_reduced_R,cause_specific_cindex_event1_mean,0.710208229199554,0.744805770885036,-0.034597541685482014,cindex_exceeds_oracle,False
S3_nonlinear_interaction_inst30,finegray_all_safe_reduced_R,risk5_spearman_with_true_risk_mean,0.9057890692395862,,,spearman_below_0_50,False
S3_nonlinear_interaction_inst30,finegray_all_safe_reduced_R,calibration_slope_5y_mean,0.8947201257248862,,,calibration_slope_outside_0_5_to_1_5,False
S3_nonlinear_interaction_inst30,finegray_dgm_cif_R,risk5_mae_vs_true_risk_mean,0.05215494445001895,0.0,0.05215494445001895,mae_better_than_oracle,False
S3_nonlinear_interaction_inst30,finegray_dgm_cif_R,auc_5y_observed_event1_mean,0.724699470899471,0.7403853968253968,-0.01568592592592588,auc_exceeds_oracle,False
S3_nonlinear_interaction_inst30,finegray_dgm_cif_R,cause_specific_cindex_event1_mean,0.726650883107501,0.744805770885036,-0.018154887777534934,cindex_exceeds_oracle,False
S3_nonlinear_interaction_inst30,finegray_dgm_cif_R,risk5_spearman_with_true_risk_mean,0.9331204698313199,,,spearman_below_0_50,False
S3_nonlinear_interaction_inst30,finegray_dgm_cif_R,calibration_slope_5y_mean,0.8757568308182369,,,calibration_slope_outside_0_5_to_1_5,False
S4_nonPH_inst30,cs_gbsa_all_safe_cif,risk5_mae_vs_true_risk_mean,0.0946892522014017,0.0,0.0946892522014017,mae_better_than_oracle,False
S4_nonPH_inst30,cs_gbsa_all_safe_cif,auc_5y_observed_event1_mean,0.6471248677248678,0.6717199365079367,-0.02459506878306894,auc_exceeds_oracle,False
S4_nonPH_inst30,cs_gbsa_all_safe_cif,cause_specific_cindex_event1_mean,0.6710673162040801,0.6956900174098606,-0.024622701205780473,cindex_exceeds_oracle,False
S4_nonPH_inst30,cs_gbsa_all_safe_cif,risk5_spearman_with_true_risk_mean,0.8255359419157341,,,spearman_below_0_50,False
S4_nonPH_inst30,cs_gbsa_all_safe_cif,calibration_slope_5y_mean,1.7531494308263593,,,calibration_slope_outside_0_5_to_1_5,True
S4_nonPH_inst30,cs_gbsa_dgm_cif,risk5_mae_vs_true_risk_mean,0.09547386161507425,0.0,0.09547386161507425,mae_better_than_oracle,False
S4_nonPH_inst30,cs_gbsa_dgm_cif,auc_5y_observed_event1_mean,0.6475481481481482,0.6717199365079367,-0.024171788359788504,auc_exceeds_oracle,False
S4_nonPH_inst30,cs_gbsa_dgm_cif,cause_specific_cindex_event1_mean,0.6706643298971549,0.6956900174098606,-0.02502568751270573,cindex_exceeds_oracle,False
S4_nonPH_inst30,cs_gbsa_dgm_cif,risk5_spearman_with_true_risk_mean,0.8121337763777369,,,spearman_below_0_50,False
S4_nonPH_inst30,cs_gbsa_dgm_cif,calibration_slope_5y_mean,1.787322077557842,,,calibration_slope_outside_0_5_to_1_5,True
S4_nonPH_inst30,cs_rsf_all_safe_cif,risk5_mae_vs_true_risk_mean,0.0751430619307569,0.0,0.0751430619307569,mae_better_than_oracle,False
S4_nonPH_inst30,cs_rsf_all_safe_cif,auc_5y_observed_event1_mean,0.6401417989417989,0.6717199365079367,-0.03157813756613781,auc_exceeds_oracle,False
S4_nonPH_inst30,cs_rsf_all_safe_cif,cause_specific_cindex_event1_mean,0.6662895172558223,0.6956900174098606,-0.029400500154038278,cindex_exceeds_oracle,False
S4_nonPH_inst30,cs_rsf_all_safe_cif,risk5_spearman_with_true_risk_mean,0.8553790379462392,,,spearman_below_0_50,False
S4_nonPH_inst30,cs_rsf_all_safe_cif,calibration_slope_5y_mean,0.9039811015531326,,,calibration_slope_outside_0_5_to_1_5,False
S4_nonPH_inst30,cs_rsf_dgm_cif,risk5_mae_vs_true_risk_mean,0.0647461052859251,0.0,0.0647461052859251,mae_better_than_oracle,False
S4_nonPH_inst30,cs_rsf_dgm_cif,auc_5y_observed_event1_mean,0.6633936507936509,0.6717199365079367,-0.008326285714285842,auc_exceeds_oracle,False
S4_nonPH_inst30,cs_rsf_dgm_cif,cause_specific_cindex_event1_mean,0.6852687238195212,0.6956900174098606,-0.010421293590339387,cindex_exceeds_oracle,False
S4_nonPH_inst30,cs_rsf_dgm_cif,risk5_spearman_with_true_risk_mean,0.884425553966913,,,spearman_below_0_50,False
S4_nonPH_inst30,cs_rsf_dgm_cif,calibration_slope_5y_mean,0.9793795229666674,,,calibration_slope_outside_0_5_to_1_5,False
S4_nonPH_inst30,finegray_all_safe_reduced_R,risk5_mae_vs_true_risk_mean,0.05831160026220785,0.0,0.05831160026220785,mae_better_than_oracle,False
S4_nonPH_inst30,finegray_all_safe_reduced_R,auc_5y_observed_event1_mean,0.6584814814814814,0.6717199365079367,-0.013238455026455265,auc_exceeds_oracle,False
S4_nonPH_inst30,finegray_all_safe_reduced_R,cause_specific_cindex_event1_mean,0.6755838046235466,0.6956900174098606,-0.02010621278631397,cindex_exceeds_oracle,False
S4_nonPH_inst30,finegray_all_safe_reduced_R,risk5_spearman_with_true_risk_mean,0.8938437874861278,,,spearman_below_0_50,False
S4_nonPH_inst30,finegray_all_safe_reduced_R,calibration_slope_5y_mean,0.7833081455236501,,,calibration_slope_outside_0_5_to_1_5,False
S4_nonPH_inst30,finegray_dgm_cif_R,risk5_mae_vs_true_risk_mean,0.056781407350096,0.0,0.056781407350096,mae_better_than_oracle,False
S4_nonPH_inst30,finegray_dgm_cif_R,auc_5y_observed_event1_mean,0.6670148148148148,0.6717199365079367,-0.004705121693121872,auc_exceeds_oracle,False
S4_nonPH_inst30,finegray_dgm_cif_R,cause_specific_cindex_event1_mean,0.6872474517875297,0.6956900174098606,-0.008442565622330922,cindex_exceeds_oracle,False
S4_nonPH_inst30,finegray_dgm_cif_R,risk5_spearman_with_true_risk_mean,0.9016995669775854,,,spearman_below_0_50,False
S4_nonPH_inst30,finegray_dgm_cif_R,calibration_slope_5y_mean,0.7886869777089809,,,calibration_slope_outside_0_5_to_1_5,False
S5_MAR_missingness_inst30,cs_gbsa_all_safe_cif,risk5_mae_vs_true_risk_mean,0.07913877422938186,0.0,0.07913877422938186,mae_better_than_oracle,False
S5_MAR_missingness_inst30,cs_gbsa_all_safe_cif,auc_5y_observed_event1_mean,0.6647179894179894,0.6907799576719575,-0.026061968253968115,auc_exceeds_oracle,False
S5_MAR_missingness_inst30,cs_gbsa_all_safe_cif,cause_specific_cindex_event1_mean,0.678637060755636,0.699670337648507,-0.021033276892870933,cindex_exceeds_oracle,False
S5_MAR_missingness_inst30,cs_gbsa_all_safe_cif,risk5_spearman_with_true_risk_mean,0.8433716628849465,,,spearman_below_0_50,False
S5_MAR_missingness_inst30,cs_gbsa_all_safe_cif,calibration_slope_5y_mean,2.1646339507277124,,,calibration_slope_outside_0_5_to_1_5,True
S5_MAR_missingness_inst30,cs_gbsa_dgm_cif,risk5_mae_vs_true_risk_mean,0.08142525488389105,0.0,0.08142525488389105,mae_better_than_oracle,False
S5_MAR_missingness_inst30,cs_gbsa_dgm_cif,auc_5y_observed_event1_mean,0.6647328042328042,0.6907799576719575,-0.026047153439153314,auc_exceeds_oracle,False
S5_MAR_missingness_inst30,cs_gbsa_dgm_cif,cause_specific_cindex_event1_mean,0.6787006694347631,0.699670337648507,-0.020969668213743797,cindex_exceeds_oracle,False
S5_MAR_missingness_inst30,cs_gbsa_dgm_cif,risk5_spearman_with_true_risk_mean,0.8236451117671275,,,spearman_below_0_50,False
S5_MAR_missingness_inst30,cs_gbsa_dgm_cif,calibration_slope_5y_mean,2.2877147202518837,,,calibration_slope_outside_0_5_to_1_5,True
S5_MAR_missingness_inst30,cs_rsf_all_safe_cif,risk5_mae_vs_true_risk_mean,0.0677701383476394,0.0,0.0677701383476394,mae_better_than_oracle,False
S5_MAR_missingness_inst30,cs_rsf_all_safe_cif,auc_5y_observed_event1_mean,0.668226455026455,0.6907799576719575,-0.0225535026455026,auc_exceeds_oracle,False
S5_MAR_missingness_inst30,cs_rsf_all_safe_cif,cause_specific_cindex_event1_mean,0.6828901569265382,0.699670337648507,-0.01678018072196874,cindex_exceeds_oracle,False
S5_MAR_missingness_inst30,cs_rsf_all_safe_cif,risk5_spearman_with_true_risk_mean,0.8430220031208904,,,spearman_below_0_50,False
S5_MAR_missingness_inst30,cs_rsf_all_safe_cif,calibration_slope_5y_mean,1.0377268068078145,,,calibration_slope_outside_0_5_to_1_5,False
S5_MAR_missingness_inst30,cs_rsf_dgm_cif,risk5_mae_vs_true_risk_mean,0.05526864068406585,0.0,0.05526864068406585,mae_better_than_oracle,False
S5_MAR_missingness_inst30,cs_rsf_dgm_cif,auc_5y_observed_event1_mean,0.6810084656084656,0.6907799576719575,-0.009771492063491927,auc_exceeds_oracle,False
S5_MAR_missingness_inst30,cs_rsf_dgm_cif,cause_specific_cindex_event1_mean,0.6984269324652039,0.699670337648507,-0.0012434051833030146,cindex_exceeds_oracle,False
S5_MAR_missingness_inst30,cs_rsf_dgm_cif,risk5_spearman_with_true_risk_mean,0.9001657156292071,,,spearman_below_0_50,False
S5_MAR_missingness_inst30,cs_rsf_dgm_cif,calibration_slope_5y_mean,1.1545014880459536,,,calibration_slope_outside_0_5_to_1_5,False
S5_MAR_missingness_inst30,finegray_all_safe_reduced_R,risk5_mae_vs_true_risk_mean,0.0523084470236191,0.0,0.0523084470236191,mae_better_than_oracle,False
S5_MAR_missingness_inst30,finegray_all_safe_reduced_R,auc_5y_observed_event1_mean,0.662584126984127,0.6907799576719575,-0.028195830687830492,auc_exceeds_oracle,False
S5_MAR_missingness_inst30,finegray_all_safe_reduced_R,cause_specific_cindex_event1_mean,0.6701178278891611,0.699670337648507,-0.02955250975934587,cindex_exceeds_oracle,False
S5_MAR_missingness_inst30,finegray_all_safe_reduced_R,risk5_spearman_with_true_risk_mean,0.8789812742138998,,,spearman_below_0_50,False
S5_MAR_missingness_inst30,finegray_all_safe_reduced_R,calibration_slope_5y_mean,0.873641840094386,,,calibration_slope_outside_0_5_to_1_5,False
S5_MAR_missingness_inst30,finegray_dgm_cif_R,risk5_mae_vs_true_risk_mean,0.04320997088876925,0.0,0.04320997088876925,mae_better_than_oracle,False
S5_MAR_missingness_inst30,finegray_dgm_cif_R,auc_5y_observed_event1_mean,0.681410582010582,0.6907799576719575,-0.009369375661375523,auc_exceeds_oracle,False
S5_MAR_missingness_inst30,finegray_dgm_cif_R,cause_specific_cindex_event1_mean,0.6931367499937919,0.699670337648507,-0.006533587654715012,cindex_exceeds_oracle,False
S5_MAR_missingness_inst30,finegray_dgm_cif_R,risk5_spearman_with_true_risk_mean,0.930966214651651,,,spearman_below_0_50,False
S5_MAR_missingness_inst30,finegray_dgm_cif_R,calibration_slope_5y_mean,0.9003620076542143,,,calibration_slope_outside_0_5_to_1_5,False
S6_highdim_sparseMRI_inst30,cs_gbsa_all_safe_cif,risk5_mae_vs_true_risk_mean,0.0858959142872138,0.0,0.0858959142872138,mae_better_than_oracle,False
S6_highdim_sparseMRI_inst30,cs_gbsa_all_safe_cif,auc_5y_observed_event1_mean,0.708388888888889,0.7298267936507937,-0.02143790476190477,auc_exceeds_oracle,False
S6_highdim_sparseMRI_inst30,cs_gbsa_all_safe_cif,cause_specific_cindex_event1_mean,0.7008218233235155,0.7188256441471452,-0.018003820823629724,cindex_exceeds_oracle,False
S6_highdim_sparseMRI_inst30,cs_gbsa_all_safe_cif,risk5_spearman_with_true_risk_mean,0.9090751507449566,,,spearman_below_0_50,False
S6_highdim_sparseMRI_inst30,cs_gbsa_all_safe_cif,calibration_slope_5y_mean,1.8684066920135336,,,calibration_slope_outside_0_5_to_1_5,True
S6_highdim_sparseMRI_inst30,cs_gbsa_dgm_cif,risk5_mae_vs_true_risk_mean,0.0982109839330606,0.0,0.0982109839330606,mae_better_than_oracle,False
S6_highdim_sparseMRI_inst30,cs_gbsa_dgm_cif,auc_5y_observed_event1_mean,0.6873883597883599,0.7298267936507937,-0.042438433862433844,auc_exceeds_oracle,False
S6_highdim_sparseMRI_inst30,cs_gbsa_dgm_cif,cause_specific_cindex_event1_mean,0.6835994475774974,0.7188256441471452,-0.03522619656964787,cindex_exceeds_oracle,False
S6_highdim_sparseMRI_inst30,cs_gbsa_dgm_cif,risk5_spearman_with_true_risk_mean,0.8773982635940731,,,spearman_below_0_50,False
S6_highdim_sparseMRI_inst30,cs_gbsa_dgm_cif,calibration_slope_5y_mean,2.0129452890396844,,,calibration_slope_outside_0_5_to_1_5,True
S6_highdim_sparseMRI_inst30,cs_rsf_all_safe_cif,risk5_mae_vs_true_risk_mean,0.05289487932355395,0.0,0.05289487932355395,mae_better_than_oracle,False
S6_highdim_sparseMRI_inst30,cs_rsf_all_safe_cif,auc_5y_observed_event1_mean,0.7003608465608466,0.7298267936507937,-0.029465947089947098,auc_exceeds_oracle,False
S6_highdim_sparseMRI_inst30,cs_rsf_all_safe_cif,cause_specific_cindex_event1_mean,0.69925854976351,0.7188256441471452,-0.019567094383635242,cindex_exceeds_oracle,False
S6_highdim_sparseMRI_inst30,cs_rsf_all_safe_cif,risk5_spearman_with_true_risk_mean,0.9409055719580319,,,spearman_below_0_50,False
S6_highdim_sparseMRI_inst30,cs_rsf_all_safe_cif,calibration_slope_5y_mean,0.8904206828538177,,,calibration_slope_outside_0_5_to_1_5,False
S6_highdim_sparseMRI_inst30,cs_rsf_dgm_cif,risk5_mae_vs_true_risk_mean,0.06421940840774346,0.0,0.06421940840774346,mae_better_than_oracle,False
S6_highdim_sparseMRI_inst30,cs_rsf_dgm_cif,auc_5y_observed_event1_mean,0.6883492063492063,0.7298267936507937,-0.04147758730158746,auc_exceeds_oracle,False
S6_highdim_sparseMRI_inst30,cs_rsf_dgm_cif,cause_specific_cindex_event1_mean,0.6875759329166069,0.7188256441471452,-0.031249711230538324,cindex_exceeds_oracle,False
S6_highdim_sparseMRI_inst30,cs_rsf_dgm_cif,risk5_spearman_with_true_risk_mean,0.905320091253374,,,spearman_below_0_50,False
S6_highdim_sparseMRI_inst30,cs_rsf_dgm_cif,calibration_slope_5y_mean,0.9601155300362177,,,calibration_slope_outside_0_5_to_1_5,False
S6_highdim_sparseMRI_inst30,finegray_all_safe_reduced_R,risk5_mae_vs_true_risk_mean,0.03436666263018165,0.0,0.03436666263018165,mae_better_than_oracle,False
S6_highdim_sparseMRI_inst30,finegray_all_safe_reduced_R,auc_5y_observed_event1_mean,0.7093640211640211,0.7298267936507937,-0.02046277248677264,auc_exceeds_oracle,False
S6_highdim_sparseMRI_inst30,finegray_all_safe_reduced_R,cause_specific_cindex_event1_mean,0.7050810357046339,0.7188256441471452,-0.013744608442511352,cindex_exceeds_oracle,False
S6_highdim_sparseMRI_inst30,finegray_all_safe_reduced_R,risk5_spearman_with_true_risk_mean,0.9694693464308206,,,spearman_below_0_50,False
S6_highdim_sparseMRI_inst30,finegray_all_safe_reduced_R,calibration_slope_5y_mean,0.8281264934947213,,,calibration_slope_outside_0_5_to_1_5,False
S6_highdim_sparseMRI_inst30,finegray_dgm_cif_R,risk5_mae_vs_true_risk_mean,0.0518291815170667,0.0,0.0518291815170667,mae_better_than_oracle,False
S6_highdim_sparseMRI_inst30,finegray_dgm_cif_R,auc_5y_observed_event1_mean,0.6917354497354498,0.7298267936507937,-0.03809134391534397,auc_exceeds_oracle,False
S6_highdim_sparseMRI_inst30,finegray_dgm_cif_R,cause_specific_cindex_event1_mean,0.6837501534489037,0.7188256441471452,-0.03507549069824156,cindex_exceeds_oracle,False
S6_highdim_sparseMRI_inst30,finegray_dgm_cif_R,risk5_spearman_with_true_risk_mean,0.9260255671224744,,,spearman_below_0_50,False
S6_highdim_sparseMRI_inst30,finegray_dgm_cif_R,calibration_slope_5y_mean,0.799450505284739,,,calibration_slope_outside_0_5_to_1_5,False
S7_strong_death_competing_inst30,cs_gbsa_all_safe_cif,risk5_mae_vs_true_risk_mean,0.0764654222928237,0.0,0.0764654222928237,mae_better_than_oracle,False
S7_strong_death_competing_inst30,cs_gbsa_all_safe_cif,auc_5y_observed_event1_mean,0.6578772486772486,0.6831334179894181,-0.025256169312169452,auc_exceeds_oracle,False
S7_strong_death_competing_inst30,cs_gbsa_all_safe_cif,cause_specific_cindex_event1_mean,0.6746353674033119,0.7002662071046466,-0.02563083970133473,cindex_exceeds_oracle,False
S7_strong_death_competing_inst30,cs_gbsa_all_safe_cif,risk5_spearman_with_true_risk_mean,0.8104142072031563,,,spearman_below_0_50,False
S7_strong_death_competing_inst30,cs_gbsa_all_safe_cif,calibration_slope_5y_mean,2.0760366639988908,,,calibration_slope_outside_0_5_to_1_5,True
S7_strong_death_competing_inst30,cs_gbsa_dgm_cif,risk5_mae_vs_true_risk_mean,0.07798694723604295,0.0,0.07798694723604295,mae_better_than_oracle,False
S7_strong_death_competing_inst30,cs_gbsa_dgm_cif,auc_5y_observed_event1_mean,0.6519142857142857,0.6831334179894181,-0.0312191322751324,auc_exceeds_oracle,False
S7_strong_death_competing_inst30,cs_gbsa_dgm_cif,cause_specific_cindex_event1_mean,0.6716448398451598,0.7002662071046466,-0.02862136725948683,cindex_exceeds_oracle,False
S7_strong_death_competing_inst30,cs_gbsa_dgm_cif,risk5_spearman_with_true_risk_mean,0.802506551509621,,,spearman_below_0_50,False
S7_strong_death_competing_inst30,cs_gbsa_dgm_cif,calibration_slope_5y_mean,2.040909866900555,,,calibration_slope_outside_0_5_to_1_5,True
S7_strong_death_competing_inst30,cs_rsf_all_safe_cif,risk5_mae_vs_true_risk_mean,0.0614442512948054,0.0,0.0614442512948054,mae_better_than_oracle,False
S7_strong_death_competing_inst30,cs_rsf_all_safe_cif,auc_5y_observed_event1_mean,0.6612433862433862,0.6831334179894181,-0.02189003174603188,auc_exceeds_oracle,False
S7_strong_death_competing_inst30,cs_rsf_all_safe_cif,cause_specific_cindex_event1_mean,0.6744637148712188,0.7002662071046466,-0.025802492233427787,cindex_exceeds_oracle,False
S7_strong_death_competing_inst30,cs_rsf_all_safe_cif,risk5_spearman_with_true_risk_mean,0.8426693860752827,,,spearman_below_0_50,False
S7_strong_death_competing_inst30,cs_rsf_all_safe_cif,calibration_slope_5y_mean,1.0165366841776622,,,calibration_slope_outside_0_5_to_1_5,False
S7_strong_death_competing_inst30,cs_rsf_dgm_cif,risk5_mae_vs_true_risk_mean,0.0511007651481364,0.0,0.0511007651481364,mae_better_than_oracle,False
S7_strong_death_competing_inst30,cs_rsf_dgm_cif,auc_5y_observed_event1_mean,0.6671142857142858,0.6831334179894181,-0.016019132275132297,auc_exceeds_oracle,False
S7_strong_death_competing_inst30,cs_rsf_dgm_cif,cause_specific_cindex_event1_mean,0.6827933697109616,0.7002662071046466,-0.017472837393684992,cindex_exceeds_oracle,False
S7_strong_death_competing_inst30,cs_rsf_dgm_cif,risk5_spearman_with_true_risk_mean,0.896412449961089,,,spearman_below_0_50,False
S7_strong_death_competing_inst30,cs_rsf_dgm_cif,calibration_slope_5y_mean,1.110792027890189,,,calibration_slope_outside_0_5_to_1_5,False
S7_strong_death_competing_inst30,finegray_all_safe_reduced_R,risk5_mae_vs_true_risk_mean,0.04880843633328235,0.0,0.04880843633328235,mae_better_than_oracle,False
S7_strong_death_competing_inst30,finegray_all_safe_reduced_R,auc_5y_observed_event1_mean,0.6734074074074075,0.6831334179894181,-0.009726010582010614,auc_exceeds_oracle,False
S7_strong_death_competing_inst30,finegray_all_safe_reduced_R,cause_specific_cindex_event1_mean,0.6710482155859531,0.7002662071046466,-0.02921799151869353,cindex_exceeds_oracle,False
S7_strong_death_competing_inst30,finegray_all_safe_reduced_R,risk5_spearman_with_true_risk_mean,0.8919129155168514,,,spearman_below_0_50,False
S7_strong_death_competing_inst30,finegray_all_safe_reduced_R,calibration_slope_5y_mean,0.9358610761453392,,,calibration_slope_outside_0_5_to_1_5,False
S7_strong_death_competing_inst30,finegray_dgm_cif_R,risk5_mae_vs_true_risk_mean,0.0388061207099991,0.0,0.0388061207099991,mae_better_than_oracle,False
S7_strong_death_competing_inst30,finegray_dgm_cif_R,auc_5y_observed_event1_mean,0.6726042328042328,0.6831334179894181,-0.010529185185185308,auc_exceeds_oracle,False
S7_strong_death_competing_inst30,finegray_dgm_cif_R,cause_specific_cindex_event1_mean,0.6791180274693924,0.7002662071046466,-0.021148179635254172,cindex_exceeds_oracle,False
S7_strong_death_competing_inst30,finegray_dgm_cif_R,risk5_spearman_with_true_risk_mean,0.9361510134004506,,,spearman_below_0_50,False
S7_strong_death_competing_inst30,finegray_dgm_cif_R,calibration_slope_5y_mean,0.8840982508988477,,,calibration_slope_outside_0_5_to_1_5,False
