scenario_id,model,model_family,predictor_set,n_successful_reps,n_failed_reps,n_skipped_reps,failure_rate,skip_rate,risk5_mae_vs_true_risk_mean,risk5_mae_vs_true_risk_sd,risk5_mae_vs_true_risk_se,risk5_mae_vs_true_risk_ci_low,risk5_mae_vs_true_risk_ci_high,risk5_mae_vs_true_risk_median,risk5_mae_vs_true_risk_p25,risk5_mae_vs_true_risk_p75,risk5_rmse_vs_true_risk_mean,risk5_rmse_vs_true_risk_sd,risk5_rmse_vs_true_risk_se,risk5_rmse_vs_true_risk_ci_low,risk5_rmse_vs_true_risk_ci_high,risk5_rmse_vs_true_risk_median,risk5_rmse_vs_true_risk_p25,risk5_rmse_vs_true_risk_p75,risk5_spearman_with_true_risk_mean,risk5_spearman_with_true_risk_sd,risk5_spearman_with_true_risk_se,risk5_spearman_with_true_risk_ci_low,risk5_spearman_with_true_risk_ci_high,risk5_spearman_with_true_risk_median,risk5_spearman_with_true_risk_p25,risk5_spearman_with_true_risk_p75,brier_5y_naive_mean,brier_5y_naive_sd,brier_5y_naive_se,brier_5y_naive_ci_low,brier_5y_naive_ci_high,brier_5y_naive_median,brier_5y_naive_p25,brier_5y_naive_p75,brier_5y_ipcw_mean,brier_5y_ipcw_sd,brier_5y_ipcw_se,brier_5y_ipcw_ci_low,brier_5y_ipcw_ci_high,brier_5y_ipcw_median,brier_5y_ipcw_p25,brier_5y_ipcw_p75,integrated_brier_score_1to5_mean,integrated_brier_score_1to5_sd,integrated_brier_score_1to5_se,integrated_brier_score_1to5_ci_low,integrated_brier_score_1to5_ci_high,integrated_brier_score_1to5_median,integrated_brier_score_1to5_p25,integrated_brier_score_1to5_p75,auc_5y_observed_event1_mean,auc_5y_observed_event1_sd,auc_5y_observed_event1_se,auc_5y_observed_event1_ci_low,auc_5y_observed_event1_ci_high,auc_5y_observed_event1_median,auc_5y_observed_event1_p25,auc_5y_observed_event1_p75,calibration_slope_5y_mean,calibration_slope_5y_sd,calibration_slope_5y_se,calibration_slope_5y_ci_low,calibration_slope_5y_ci_high,calibration_slope_5y_median,calibration_slope_5y_p25,calibration_slope_5y_p75,calibration_intercept_5y_mean,calibration_intercept_5y_sd,calibration_intercept_5y_se,calibration_intercept_5y_ci_low,calibration_intercept_5y_ci_high,calibration_intercept_5y_median,calibration_intercept_5y_p25,calibration_intercept_5y_p75,cause_specific_cindex_event1_mean,cause_specific_cindex_event1_sd,cause_specific_cindex_event1_se,cause_specific_cindex_event1_ci_low,cause_specific_cindex_event1_ci_high,cause_specific_cindex_event1_median,cause_specific_cindex_event1_p25,cause_specific_cindex_event1_p75,runtime_sec_mean,runtime_sec_sd,runtime_sec_se,runtime_sec_ci_low,runtime_sec_ci_high,runtime_sec_median,runtime_sec_p25,runtime_sec_p75
S0_linear_PH_inst30,cs_gbsa_all_safe_cif,Gradient Boosting Survival,all_safe,2,0,0,0.0,0.0,0.08031232312980655,0.0047824744378631425,0.00338172010586435,0.07368415172231242,0.08694049453730067,0.08031232312980655,0.07862146307687437,0.08200318318273872,0.0995488528250231,0.006015242401829795,0.004253418692814703,0.09121215218710628,0.10788555346293992,0.0995488528250231,0.09742214347861575,0.10167556217143045,0.8141348597139568,0.0045930044930462335,0.0032477446230532725,0.8077692802527724,0.8205004391751413,0.8141348597139568,0.8125109874024301,0.8157587320254834,0.19883455348325024,0.0015205155883313431,0.0010751668834089456,0.1967272263917687,0.20094188057473178,0.19883455348325024,0.19829697004154578,0.1993721369249547,0.21389330261601186,0.0012797914851609947,0.0009049492376621421,0.21211960211019407,0.21566700312182965,0.21389330261601186,0.21344082799718078,0.2143457772348429,,,,,,,,,0.6596259259259258,0.02032202441295812,0.014369841269841253,0.6314610370370369,0.6877908148148147,0.6596259259259258,0.6524410052910052,0.6668108465608465,1.96398650859957,0.38822753244502406,0.2745183208351969,1.4259305997625842,2.502042417436556,1.96398650859957,1.8267273481819717,2.1012456690171684,0.7101864845484558,0.3018622496611785,0.21344884371964593,0.2918267508579498,1.1285462182389618,0.7101864845484558,0.6034620626886329,0.8169109064082788,0.6736600343714116,0.024149487642736833,0.017076266474359947,0.6401905520816662,0.7071295166611571,0.6736600343714116,0.6651219011342318,0.6821981676085916,17.351400563000006,0.02929664168293415,0.020715853999995204,17.310797489160016,17.392003636839995,17.351400563000006,17.341042636000008,17.361758490000003
S0_linear_PH_inst30,cs_gbsa_dgm_cif,Gradient Boosting Survival,dgm,2,0,0,0.0,0.0,0.08216144184777971,0.006520422536617462,0.004610634991843797,0.07312459726376587,0.09119828643179355,0.08216144184777971,0.07985612435185781,0.0844667593437016,0.1032998481921628,0.007584449670390927,0.005363015793501499,0.09278833723689986,0.11381135914742574,0.1032998481921628,0.10061834029541206,0.10598135608891354,0.8331840094760407,0.010985418126257772,0.007767863651246486,0.8179589967195975,0.8484090222324838,0.8331840094760407,0.8293000776504174,0.837067941301664,0.1991081601075278,0.0008627017915044661,0.000610022286914591,0.1979125164251752,0.20030380378988039,0.1991081601075278,0.1988031489640705,0.1994131712509851,0.21448613345572395,0.00047190854706683774,0.000333689733730852,0.21383210157761148,0.21514016533383643,0.21448613345572395,0.21431928858885851,0.2146529783225894,,,,,,,,,0.6721301587301587,0.02206771766217316,0.015604232804232785,0.6415458624338625,0.7027144550264549,0.6721301587301587,0.6643280423280423,0.6799322751322752,2.3432068487613025,0.576735849547063,0.4078138301681127,1.5438917416318017,3.1425219558908033,2.3432068487613025,2.139299933677246,2.5471137638453585,1.0254411147434457,0.4630596877790738,0.32743264532270855,0.38367312991093694,1.6672090995759543,1.0254411147434457,0.8617247920820914,1.1891574374048,0.6838331226841194,0.023785382194300212,0.016818805042703444,0.6508682648004207,0.7167979805678182,0.6838331226841194,0.6754237201627677,0.6922425252054712,10.342622000000006,0.054317526039766965,0.0384082909999961,10.267341749640014,10.417902250359997,10.342622000000006,10.323417854500008,10.361826145500004
S0_linear_PH_inst30,cs_rsf_all_safe_cif,Random Survival Forest,all_safe,2,0,0,0.0,0.0,0.0641590380452535,0.00018118696637701133,0.00012811853258780367,0.0639079257213814,0.06441015036912559,0.0641590380452535,0.06409497877895959,0.0642230973115474,0.08230668411238555,7.62476733152984e-05,5.3915246850944065e-05,0.0822010102285577,0.0824123579962134,0.08230668411238555,0.08227972648896008,0.08233364173581102,0.8410189728973213,0.007212713619608353,0.005100158711181635,0.8310226618234053,0.8510152839712373,0.8410189728973213,0.8384688935417305,0.8435690522529121,0.1948526059822983,0.005282000753345708,0.0037349385509232026,0.18753212642248884,0.20217308554210778,0.1948526059822983,0.1929851367068367,0.1967200752577599,0.20169394944761584,0.005540720357410549,0.00391788093738335,0.19401490281034448,0.20937299608488721,0.20169394944761584,0.19973500897892416,0.20365288991630753,,,,,,,,,0.6688560846560847,0.023963811401354885,0.01694497354497354,0.6356439365079366,0.7020682328042328,0.6688560846560847,0.6603835978835979,0.6773285714285714,1.0194583892946296,0.19315190431017232,0.13657902133681799,0.7517635074744664,1.2871532711147928,1.0194583892946296,0.9511688786262205,1.0877478999630386,-0.15201260486830398,0.10699301476494583,0.0756554862798856,-0.30029735797687973,-0.003727851759728229,-0.15201260486830398,-0.18984034800824678,-0.1141848617283612,0.6825520187159293,0.02958510448652935,0.02091982800453745,0.6415491558270359,0.7235548816048227,0.6825520187159293,0.6720921047136607,0.693011932718198,8.635314666500008,0.24505722347795134,0.1732816245000066,8.295682682479995,8.974946650520021,8.635314666500008,8.548673854250005,8.721955478750012
S0_linear_PH_inst30,cs_rsf_dgm_cif,Random Survival Forest,dgm,2,0,0,0.0,0.0,0.0503350428776384,0.0020883961313541938,0.001476719066284302,0.04744067350772117,0.05322941224755563,0.0503350428776384,0.04959668334449625,0.05107340241078055,0.06547259076009615,0.0025398946176091674,0.001795976707610655,0.06195247641317927,0.06899270510701304,0.06547259076009615,0.06457460240629082,0.06637057911390148,0.9093054210246316,0.0069886367236451225,0.004941712418538802,0.8996196646842956,0.9189911773649677,0.9093054210246316,0.9068345648153622,0.9117762772339011,0.1924225693804968,0.0031912723471621946,0.0022565703172914976,0.18799969155860546,0.1968454472023881,0.1924225693804968,0.19129428422185105,0.19355085453914256,0.1982196810368791,0.0034031099333398317,0.0024063621109878947,0.1935032112993428,0.20293615077441537,0.1982196810368791,0.19701649998138515,0.19942286209237306,,,,,,,,,0.6841322751322751,0.018076492719475597,0.01278201058201045,0.6590795343915347,0.7091850158730156,0.6841322751322751,0.6777412698412699,0.6905232804232804,1.1113242094217308,0.1812627007063749,0.12817208484566528,0.8601069231242269,1.3625414957192348,1.1113242094217308,1.0472381669988982,1.1754102518445635,-0.020977928678802146,0.12473916069076314,0.08820390640395703,-0.1938575852305579,0.15190172787295364,-0.020977928678802146,-0.06507988188078068,0.023124024523176377,0.7004520047165201,0.021945305045216513,0.01551767401267995,0.6700373636516674,0.7308666457813728,0.7004520047165201,0.6926931677101801,0.7082108417228601,2.1690402505000037,0.08749485954042854,0.06186820850000151,2.047778561840001,2.2903019391600066,2.1690402505000037,2.138106146250003,2.199974354750004
S0_linear_PH_inst30,deephit_competing_risk_all_safe_reduced_optional,DeepHit optional,all_safe_reduced,0,0,2,0.0,1.0,,,,,,,,,,,,,,,,,,,,,,,,,,,,,,,,,,,,,,,,,,,,,,,,,,,,,,,,,,,,,,,,,,,,,,,,,,,,,,,,,,,,,,,,
S0_linear_PH_inst30,deephit_competing_risk_dgm_optional,DeepHit optional,dgm,0,0,2,0.0,1.0,,,,,,,,,,,,,,,,,,,,,,,,,,,,,,,,,,,,,,,,,,,,,,,,,,,,,,,,,,,,,,,,,,,,,,,,,,,,,,,,,,,,,,,,
S0_linear_PH_inst30,deepsurv_all_safe_cause_specific_optional,DeepSurv optional,all_safe,0,0,2,0.0,1.0,,,,,,,,,,,,,,,,,,,,,,,,,,,,,,,,,,,,,,,,,,,,,,,,,,,,,,,,,,,,,,,,,,,,,,,,,,,,,,,,,,,,,,,,
S0_linear_PH_inst30,deepsurv_dgm_cause_specific_optional,DeepSurv optional,dgm,0,0,2,0.0,1.0,,,,,,,,,,,,,,,,,,,,,,,,,,,,,,,,,,,,,,,,,,,,,,,,,,,,,,,,,,,,,,,,,,,,,,,,,,,,,,,,,,,,,,,,
S0_linear_PH_inst30,finegray_all_safe_reduced_R,Fine-Gray,all_safe_reduced,2,0,0,0.0,0.0,0.05435442958452645,0.0004018997375827419,0.00028418602980185073,0.053797424966114823,0.05491143420293808,0.05435442958452645,0.05421233656962552,0.054496522599427374,0.07120411136750435,0.001157966644967068,0.0008188060670440492,0.06959925147609801,0.07280897125891068,0.07120411136750435,0.07079470833398233,0.07161351440102638,0.8748896563954028,0.0018402459016553963,0.0013012503561112831,0.8723392056974247,0.8774401070933809,0.8748896563954028,0.8742390312173471,0.8755402815734585,0.19169178323574093,0.003539028714071901,0.0025024712025341483,0.186786939678774,0.19659662679270787,0.19169178323574093,0.19044054763447388,0.192943018837008,0.20062242231584854,0.002480858746547002,0.0017542320428493433,0.19718412751186382,0.20406071711983326,0.20062242231584854,0.19974530629442389,0.20149953833727322,,,,,,,,,0.6837375661375662,0.021014165971262325,0.014859259259259181,0.6546134179894182,0.7128617142857142,0.6837375661375662,0.6763079365079365,0.6911671957671958,0.962214903111249,0.1383079631260638,0.09779849861853868,0.7705298458189132,1.153899960403585,0.962214903111249,0.9133156538019798,1.0111141524205185,-0.0390641636161019,0.09707743465863021,0.0686441123473114,-0.17360662381683223,0.09547829658462842,-0.0390641636161019,-0.0733862197897576,-0.004742107442446197,0.6805229345417876,0.025055857384673818,0.01771716666514589,0.6457972878781016,0.7152485812054735,0.6805229345417876,0.6716643512092146,0.6893815178743605,5.469171563000003,0.06708902426363585,0.04743910400000573,5.376190919159992,5.562152206840015,5.469171563000003,5.445452011,5.492891115000006
S0_linear_PH_inst30,finegray_dgm_cif_R,Fine-Gray,dgm,2,0,0,0.0,0.0,0.0412802050542422,0.002662502997690412,0.0018826739245964008,0.03759016416203326,0.044970245946451146,0.0412802050542422,0.040338868091944,0.0422215420165404,0.058434691089214494,0.00152651618531704,0.0010794099462286995,0.05631904759460624,0.060550334583822744,0.058434691089214494,0.057894986116100146,0.05897439606232885,0.9407095700931423,0.0009428547154625397,0.0006666989629772746,0.9394028401257069,0.9420163000605777,0.9407095700931423,0.9403762206116537,0.9410429195746309,0.18887129311745016,0.004192306931454649,0.002964408660046949,0.18306105214375815,0.19468153409114217,0.18887129311745016,0.18738908878742666,0.19035349744747362,0.19168754773186455,0.00399746441312154,0.002826634194070143,0.18614734471148708,0.19722775075224203,0.19168754773186455,0.19027423063482948,0.19310086482889963,,,,,,,,,0.6969544973544973,0.020996207703803785,0.014846560846560886,0.667855238095238,0.7260537566137567,0.6969544973544973,0.6895312169312169,0.7043777777777778,0.9685054882628537,0.07610224134797654,0.05381241092064947,0.8630331628583807,1.0739778136673266,0.9685054882628537,0.9415992828025289,0.9954116937231784,-0.0465963950285444,0.03811937406309886,0.026954467894603797,-0.09942715210196784,0.006234362044879038,-0.0465963950285444,-0.060073628975846304,-0.03311916108124251,0.7029131859129489,0.021335890525422348,0.015086752873179952,0.6733431502815163,0.7324832215443816,0.7029131859129489,0.695369809476359,0.7104565623495389,8.657170040999997,0.9570241270553911,0.6767182500000031,7.330802270999991,9.983537811000003,8.657170040999997,8.318810915999995,8.995529165999997
S1_linear_PH_inst15,cs_gbsa_all_safe_cif,Gradient Boosting Survival,all_safe,2,0,0,0.0,0.0,0.05688210903950655,0.003748522657441425,0.002650605790508249,0.05168692169011038,0.06207729638890272,0.05688210903950655,0.05555680614425243,0.05820741193476067,0.07173639368198485,0.005280582863395238,0.003733935951324249,0.06441787921738933,0.07905490814658038,0.07173639368198485,0.06986942570632274,0.07360336165764697,0.5941957864784981,0.06804507090341358,0.04811513106212317,0.49989012959673673,0.6885014433602595,0.5941957864784981,0.5701382209474366,0.6182533520095597,0.12568160042876741,0.00042417994272815233,0.00029994051394639787,0.1250937170214325,0.12626948383610234,0.12568160042876741,0.1255316301717942,0.1258315706857406,0.1459180241629539,0.0016622572525569008,0.0011753933753595042,0.1436142531472493,0.14822179517865852,0.1459180241629539,0.14533032747527413,0.14650572085063365,,,,,,,,,0.6172069716775599,0.0008442146320048941,0.0005969498910675664,0.6160369498910675,0.6183769934640523,0.6172069716775599,0.6169084967320262,0.6175054466230937,2.0331933863198786,0.1954506362844353,0.13820447030394967,1.7623126245241372,2.3040741481156197,2.0331933863198786,1.9640911511679036,2.1022956214718533,1.7520986845152486,0.33407424651987905,0.23622616513399283,1.2890954008526228,2.2151019681778745,1.7520986845152486,1.6339856019482524,1.8702117670822451,0.6550159198253962,0.0005733923386762604,0.00040544961095839716,0.6542212385879177,0.6558106010628747,0.6550159198253962,0.6548131950199171,0.6552186446308754,16.487265624999992,0.035828393495960696,0.0253345000000138,16.437610004999964,16.53692124500002,16.487265624999992,16.474598374999985,16.499932875
S1_linear_PH_inst15,cs_gbsa_dgm_cif,Gradient Boosting Survival,dgm,2,0,0,0.0,0.0,0.0565489449018057,0.0030483948120659113,0.002155540643345697,0.05232408524084814,0.06077380456276327,0.0565489449018057,0.05547117458013285,0.05762671522347855,0.0722255029408087,0.0048674312402866,0.003441793636965902,0.06547958741235554,0.07897141846926187,0.0722255029408087,0.07050460612232574,0.07394639975929165,0.6710937939484536,0.13784217734367202,0.09746913833322916,0.4800542828153244,0.8621333050815827,0.6710937939484536,0.622359224781839,0.7198283631150683,0.12544729860285994,0.00011414955618132615,8.07159252452505e-05,0.12528909538937924,0.12560550181634064,0.12544729860285994,0.12540694064023733,0.12548765656548255,0.1454389974193013,0.0012839550696304087,0.0009078933364745078,0.14365952647981126,0.14721846835879135,0.1454389974193013,0.14498505075106405,0.14589294408753856,,,,,,,,,0.6242701525054466,0.03366506115013803,0.02380479302832239,0.5776127581699347,0.6709275468409585,0.6242701525054466,0.6123677559912855,0.6361725490196077,2.885861506255819,1.3196168226516714,0.9331100038648424,1.0569658986807278,4.71475711383091,2.885861506255819,2.4193065043233974,3.3524165081882398,3.2031160680797384,2.247086372245969,1.5889300117270033,0.08881324509481203,6.317418891064665,3.2031160680797384,2.4086510622162365,3.9975810739432402,0.6612125880247041,0.017126352094870463,0.012110159703271338,0.6374766750062922,0.6849485010431159,0.6612125880247041,0.6551575081730684,0.6672676678763397,9.79615220800001,0.06511357439219297,0.04604225000001437,9.705909397999982,9.886395018000037,9.79615220800001,9.773131083000003,9.819173333000018
S1_linear_PH_inst15,cs_rsf_all_safe_cif,Random Survival Forest,all_safe,2,0,0,0.0,0.0,0.04377867968689905,0.003428257292816174,0.0024241439794025522,0.03902735748727005,0.048530001886528056,0.04377867968689905,0.04256660769719777,0.04499075167660033,0.058018817633369205,0.003016644926245097,0.0021330900837799004,0.0538379610691606,0.06219967419757781,0.058018817633369205,0.05695227259147925,0.05908536267525915,0.7805630384724617,0.03864081695460984,0.027323183699192732,0.7270095984220439,0.8341164785228794,0.7805630384724617,0.7669014466228653,0.794224630322058,0.12364045224310695,0.0004844214494496261,0.0003425376918580469,0.12296907836706518,0.12431182611914872,0.12364045224310695,0.12346918339717793,0.12381172108903597,0.1401204281515503,0.0017680357818188879,0.0012501900907045949,0.1376700555737693,0.1425708007293313,0.1401204281515503,0.139495333106198,0.1407455231969026,,,,,,,,,0.6523834422657951,0.008269606103288507,0.005847494553376964,0.6409223529411763,0.663844531590414,0.6523834422657951,0.6494596949891067,0.6553071895424836,0.8148986813096872,0.07281890844396596,0.051490743959330676,0.7139768231493991,0.9158205394699753,0.8148986813096872,0.7891533093300218,0.8406440532893525,-0.39518537314008817,0.10161181635997422,0.07185040439681994,-0.5360121657578553,-0.2543585805223211,-0.39518537314008817,-0.43111057533849817,-0.35926017094167817,0.67137635526206,0.0002452681884938309,0.00017343079929332816,0.6710364308954451,0.6717162796286749,0.67137635526206,0.6712896398624133,0.6714630706617066,7.577044395999991,0.10247718439130922,0.07246231199999897,7.435018264479993,7.719070527519989,7.577044395999991,7.540813239999991,7.61327555199999
S1_linear_PH_inst15,cs_rsf_dgm_cif,Random Survival Forest,dgm,2,0,0,0.0,0.0,0.03450560800767605,0.002151594856731939,0.0015214073135612523,0.031523649673095996,0.0374875663422561,0.03450560800767605,0.03374490435089542,0.03526631166445668,0.0454998429593845,0.002614899960290151,0.0018490134940455996,0.041875776511055125,0.04912390940771388,0.0454998429593845,0.044575336212361705,0.0464243497064073,0.8669880795502577,0.007739585716099014,0.005472713543428154,0.8562615610051385,0.8777145980953769,0.8669880795502577,0.8642517227785436,0.8697244363219718,0.12199773041113895,0.00018752437709202455,0.00013259975867955381,0.12173783488412702,0.12225762593815089,0.12199773041113895,0.12193143053179917,0.12206403029047873,0.1374244575229766,0.0012832267932454198,0.000907378367304104,0.13564599592306056,0.13920291912289265,0.1374244575229766,0.13697076833932453,0.13787814670662865,,,,,,,,,0.6669647058823529,0.012371133541700382,0.00874771241830069,0.6498191895424835,0.6841102222222223,0.6669647058823529,0.6625908496732026,0.6713385620915033,0.9584695179849413,0.17469345660867674,0.12352692779691321,0.7163567395029914,1.2005822964668913,0.9584695179849413,0.8967060540864846,1.020232981883398,-0.1270937494558147,0.2644047742508472,0.18696240885087229,-0.49354007080352436,0.23935257189189496,-0.1270937494558147,-0.22057495388125084,-0.03361254503037854,0.6903609505168514,0.006092361773175107,0.0043079503232538174,0.681917367883274,0.6988045331504289,0.6903609505168514,0.6882069753552245,0.6925149256784784,1.9445331665000083,0.0768360493005543,0.05433129150000582,1.8380438351599968,2.0510224978400196,1.9445331665000083,1.9173675207500054,1.9716988122500112
S1_linear_PH_inst15,deephit_competing_risk_all_safe_reduced_optional,DeepHit optional,all_safe_reduced,0,0,2,0.0,1.0,,,,,,,,,,,,,,,,,,,,,,,,,,,,,,,,,,,,,,,,,,,,,,,,,,,,,,,,,,,,,,,,,,,,,,,,,,,,,,,,,,,,,,,,
S1_linear_PH_inst15,deephit_competing_risk_dgm_optional,DeepHit optional,dgm,0,0,2,0.0,1.0,,,,,,,,,,,,,,,,,,,,,,,,,,,,,,,,,,,,,,,,,,,,,,,,,,,,,,,,,,,,,,,,,,,,,,,,,,,,,,,,,,,,,,,,
S1_linear_PH_inst15,deepsurv_all_safe_cause_specific_optional,DeepSurv optional,all_safe,0,0,2,0.0,1.0,,,,,,,,,,,,,,,,,,,,,,,,,,,,,,,,,,,,,,,,,,,,,,,,,,,,,,,,,,,,,,,,,,,,,,,,,,,,,,,,,,,,,,,,
S1_linear_PH_inst15,deepsurv_dgm_cause_specific_optional,DeepSurv optional,dgm,0,0,2,0.0,1.0,,,,,,,,,,,,,,,,,,,,,,,,,,,,,,,,,,,,,,,,,,,,,,,,,,,,,,,,,,,,,,,,,,,,,,,,,,,,,,,,,,,,,,,,
S1_linear_PH_inst15,finegray_all_safe_reduced_R,Fine-Gray,all_safe_reduced,2,0,0,0.0,0.0,0.032113388030076004,0.00015046702983453905,0.00010639625714100111,0.031904851366079644,0.032321924694072364,0.032113388030076004,0.0320601899015055,0.0321665861586465,0.04395421345334115,0.00013712110496670607,9.695926316575024e-05,0.04376417329753628,0.04414425360914602,0.04395421345334115,0.043905733821758275,0.04400269308492403,0.8780325129033392,0.00016517770334022094,0.00011679827413269006,0.8778035882860391,0.8782614375206392,0.8780325129033392,0.8779741137662729,0.8780909120404055,0.1229213443607948,0.00018841819113929383,0.00013323178065349772,0.12266021007071394,0.12318247865087566,0.1229213443607948,0.12285472847046805,0.12298796025112155,0.1394175907081463,0.0017558468396213184,0.0012415712070212024,0.13698411114238473,0.14185107027390786,0.1394175907081463,0.1387968051046357,0.1400383763116569,,,,,,,,,0.664094117647059,0.0077495205927685575,0.00547973856209144,0.6533538300653597,0.6748344052287581,0.664094117647059,0.6613542483660132,0.6668339869281046,0.8336145585666033,0.05645121755997334,0.039917038742894255,0.7553771626305306,0.911851954502676,0.8336145585666033,0.8136560391951562,0.8535730779380505,-0.25349031658998056,0.07026867896628798,0.049687459402082745,-0.35087773701806274,-0.15610289616189837,-0.25349031658998056,-0.27833404629102193,-0.22864658688893919,0.670884737826094,0.0009243263925935243,0.0006535974602325799,0.6696036868040381,0.6721657888481499,0.670884737826094,0.6705579390959778,0.6712115365562104,3.3537466249999994,0.03715474904075877,0.0262723750000049,3.3022527699999897,3.405240480000009,3.3537466249999994,3.340610437499997,3.366882812500002
S1_linear_PH_inst15,finegray_dgm_cif_R,Fine-Gray,dgm,2,0,0,0.0,0.0,0.02803470915714945,0.0038247038687780044,0.00270447404164335,0.022733940035528484,0.03333547827877042,0.02803470915714945,0.026682472136327774,0.029386946177971128,0.04471688098674415,0.008618657709475086,0.00609431131109555,0.032772030816996874,0.05666173115649143,0.04471688098674415,0.04166972533119638,0.047764036642291924,0.9207817123474278,0.02220357260517543,0.0157002967556874,0.8900091307062805,0.951554293988575,0.9207817123474278,0.9129315639695841,0.9286318607252715,0.12364568680819925,0.0010392486034969581,0.0007348597348713486,0.1222053617278514,0.1250860118885471,0.12364568680819925,0.12327825694076358,0.12401311667563492,0.1371515966986745,0.0018309892045112876,0.0012947048827892937,0.13461397512840748,0.1396892182689415,0.1371515966986745,0.13650424425727986,0.13779894914006913,,,,,,,,,0.6682823529411764,0.0015503970906015666,0.0010962962962962617,0.6661336122004358,0.6704310936819171,0.6682823529411764,0.6677342047930284,0.6688305010893245,0.7647338558342003,0.00375930816991556,0.0026582322995172825,0.7595237205271465,0.7699439911412541,0.7647338558342003,0.7634047396844416,0.7660629719839589,-0.37191061625295774,0.019232994807360005,0.013599781050809915,-0.39856618711254516,-0.3452550453933703,-0.37191061625295774,-0.37871050677836265,-0.36511072572755277,0.6866638094380793,0.0006329735428412301,0.0004475798844547074,0.685786552864548,0.6875410660116105,0.6866638094380793,0.686440019495852,0.6868875993803066,5.69551552050001,0.3406518448257574,0.24087722950000057,5.223396150680008,6.167634890320011,5.69551552050001,5.575076905750009,5.81595413525001
S2_linear_PH_inst45,cs_gbsa_all_safe_cif,Gradient Boosting Survival,all_safe,2,0,0,0.0,0.0,0.0836924423848308,0.00015000542588279402,0.0001060698538564997,0.08348454547127206,0.08390033929838954,0.0836924423848308,0.08363940745790255,0.08374547731175905,0.1031729677642356,0.0008122575440849516,0.0005743528174924004,0.10204723624195049,0.1042986992865207,0.1031729677642356,0.1028857913554894,0.1034601441729818,0.8869292717926665,0.001021177367651539,0.0007220814414606314,0.8855139921674036,0.8883445514179293,0.8869292717926665,0.8865682310719362,0.8872903125133969,0.22838482705889462,0.0007213145643722652,0.0005100464198362491,0.22738513607601557,0.22938451804177368,0.22838482705889462,0.22812980384897652,0.22863985026881276,0.22506033555820104,0.00029527145594686495,0.00020878844879085312,0.22465111019857098,0.2254695609178311,0.22506033555820104,0.22495594133380561,0.22516472978259647,,,,,,,,,0.677263748597082,0.005704470867754054,0.00403367003367,0.6693577553310889,0.6851697418630752,0.677263748597082,0.675246913580247,0.679280583613917,1.7430940998632205,0.05513626776614631,0.038987228826759306,1.6666791313627722,1.8195090683636688,1.7430940998632205,1.7236004854498408,1.7625877142766,0.03742572816099385,0.03110165182859025,0.02199218891409915,-0.0056789621106404856,0.08053041843262818,0.03742572816099385,0.026429633703944275,0.048421822618043425,0.6711199338613972,0.0007780378631060554,0.0005501558490221825,0.6700416283973137,0.6721982393254807,0.6711199338613972,0.6708448559368861,0.6713950117859083,17.662881291499986,0.4405526856598066,0.3115177914999947,17.052306420159997,18.273456162839974,17.662881291499986,17.507122395749988,17.818640187249983
S2_linear_PH_inst45,cs_gbsa_dgm_cif,Gradient Boosting Survival,dgm,2,0,0,0.0,0.0,0.08512922276424895,0.001123566796338153,0.0007944817008067526,0.08357203863066771,0.08668640689783018,0.08512922276424895,0.08473198191384558,0.08552646361465233,0.10503370370628054,0.0012060573579496822,0.0008528113363061515,0.10336219348712049,0.10670521392544059,0.10503370370628054,0.10460729803812747,0.10546010937443362,0.8841508308627295,0.013105982438161594,0.009267329056135865,0.8659868659127032,0.9023147958127558,0.8841508308627295,0.8795171663346616,0.8887844953907975,0.2290350703640841,0.000692455980510559,0.0004896403194921961,0.2280753753378794,0.22999476539028882,0.2290350703640841,0.22879025020433802,0.2292798905238302,0.22564464881782154,0.0004328769676910984,0.00030609023927384566,0.2250447119488448,0.22624458568679828,0.22564464881782154,0.22549160369818463,0.22579769393745847,,,,,,,,,0.6746473625140292,0.00867193851782461,0.0061319865319866,0.6626286689113355,0.6866660561167229,0.6746473625140292,0.6715813692480359,0.6777133557800225,1.7652084905952734,0.15522679453895283,0.10976191904034448,1.5500751292761983,1.9803418519143485,1.7652084905952734,1.7103275310751012,1.8200894501154457,0.039020843811283,0.046918968335313394,0.033176720676176996,-0.02600552871402391,0.1040472163365899,0.039020843811283,0.022432483473194497,0.0556092041493715,0.6692727702700025,0.00405882896165071,0.00287002548245957,0.6636475203243818,0.6748980202156233,0.6692727702700025,0.6678377575287727,0.6707077830112322,10.935823604000035,0.07121204652500465,0.050354521000002705,10.83712874284003,11.03451846516004,10.935823604000035,10.910646343500034,10.961000864500036
S2_linear_PH_inst45,cs_rsf_all_safe_cif,Random Survival Forest,all_safe,2,0,0,0.0,0.0,0.0782425234223311,0.00012748876162497908,9.0148167870098e-05,0.0780658330133057,0.07841921383135649,0.0782425234223311,0.07819744933839605,0.07828759750626615,0.0988027591681466,0.000196335563043874,0.00013883020801640222,0.09853065196043445,0.09907486637585874,0.0988027591681466,0.09873334406413839,0.0988721742721548,0.8549975177766747,0.00046159448359689903,0.0003263965895096699,0.8543577804612357,0.8556372550921136,0.8549975177766747,0.8548343194819198,0.8551607160714294,0.2281567403292249,0.0014012241054731193,0.0009908150669420968,0.2262147427980184,0.2300987378604314,0.2281567403292249,0.22766133279575385,0.22865214786269594,0.21828405870307538,0.0008918471241430942,0.0006306311492633026,0.2170480216505193,0.21952009575563144,0.21828405870307538,0.21796874312844375,0.21859937427770704,,,,,,,,,0.6677827160493828,0.004689284566414176,0.003315824915824883,0.661283699214366,0.6742817328843995,0.6677827160493828,0.6661248035914703,0.6694406285072951,0.9663269921820485,0.023603127713694518,0.016689931663565524,0.9336147261214601,0.999039258242637,0.9663269921820485,0.9579820263502657,0.9746719580138312,-0.1703218407409907,0.018483168327303186,0.013069573662048499,-0.19593820511860574,-0.14470547636337563,-0.1703218407409907,-0.17685662757201492,-0.16378705390996645,0.6648821482969232,0.005053120506740836,0.0035730957764692484,0.6578788805750434,0.6718854160188029,0.6648821482969232,0.6630956004086885,0.6666686961851578,9.203699063000016,0.31703824933456215,0.2241798959999803,8.764306466840054,9.643091659159978,9.203699063000016,9.091609115000026,9.315789011000005
S2_linear_PH_inst45,cs_rsf_dgm_cif,Random Survival Forest,dgm,2,0,0,0.0,0.0,0.06270866284731055,0.0011824986545372386,0.00083615281736725,0.06106980332527075,0.06434752236935036,0.06270866284731055,0.06229058643862693,0.06312673925599419,0.07855105189910505,0.0006947971277580482,0.0004912957605866519,0.07758811220835521,0.0795139915898549,0.07855105189910505,0.07830540401881173,0.07879669977939838,0.9077124283166349,0.0014785464801874543,0.0010454902424400503,0.9056632674414524,0.9097615891918174,0.9077124283166349,0.9071896831954149,0.9082351734378549,0.2242700661425173,0.0019506180605142873,0.0013792952580946038,0.22156664743665186,0.22697348484838273,0.2242700661425173,0.22358041851347,0.2249597137715646,0.21319959679674835,0.001073914419411169,0.0007593721683796517,0.21171122734672423,0.21468796624677247,0.21319959679674835,0.2128199107125585,0.2135792828809382,,,,,,,,,0.679892255892256,0.006752671357755336,0.004774859708192969,0.6705335308641978,0.6892509809203142,0.679892255892256,0.6775048260381594,0.6822796857463524,1.045329557848872,0.07554502739446961,0.05341840115555296,0.9406294915839881,1.1500296241137558,1.045329557848872,1.0186203572710955,1.0720387584266484,-0.10544589978470689,0.019513379206482155,0.013798042760768103,-0.13249006359581236,-0.07840173597360141,-0.10544589978470689,-0.11234492116509096,-0.09854687840432284,0.6768045984360196,0.0023105171303526508,0.0016337823309200414,0.6736023850674163,0.6800068118046229,0.6768045984360196,0.6759877072705596,0.6776214896014796,2.493331875000024,0.013410633658618722,0.009482750000017857,2.474745684999989,2.5119180650000588,2.493331875000024,2.488590500000015,2.498073250000033
S2_linear_PH_inst45,deephit_competing_risk_all_safe_reduced_optional,DeepHit optional,all_safe_reduced,0,0,2,0.0,1.0,,,,,,,,,,,,,,,,,,,,,,,,,,,,,,,,,,,,,,,,,,,,,,,,,,,,,,,,,,,,,,,,,,,,,,,,,,,,,,,,,,,,,,,,
S2_linear_PH_inst45,deephit_competing_risk_dgm_optional,DeepHit optional,dgm,0,0,2,0.0,1.0,,,,,,,,,,,,,,,,,,,,,,,,,,,,,,,,,,,,,,,,,,,,,,,,,,,,,,,,,,,,,,,,,,,,,,,,,,,,,,,,,,,,,,,,
S2_linear_PH_inst45,deepsurv_all_safe_cause_specific_optional,DeepSurv optional,all_safe,0,0,2,0.0,1.0,,,,,,,,,,,,,,,,,,,,,,,,,,,,,,,,,,,,,,,,,,,,,,,,,,,,,,,,,,,,,,,,,,,,,,,,,,,,,,,,,,,,,,,,
S2_linear_PH_inst45,deepsurv_dgm_cause_specific_optional,DeepSurv optional,dgm,0,0,2,0.0,1.0,,,,,,,,,,,,,,,,,,,,,,,,,,,,,,,,,,,,,,,,,,,,,,,,,,,,,,,,,,,,,,,,,,,,,,,,,,,,,,,,,,,,,,,,
S2_linear_PH_inst45,finegray_all_safe_reduced_R,Fine-Gray,all_safe_reduced,2,0,0,0.0,0.0,0.0601312169598757,0.0013146893715788685,0.0009296257697972986,0.058309150451072995,0.061953283468678406,0.0601312169598757,0.05966640407497705,0.06059602984477435,0.07605980499125059,0.0020591563205321116,0.001456043397771396,0.07320595993161866,0.07891365005088252,0.07605980499125059,0.0753317832923649,0.0767878266901363,0.9015534922459967,0.005109801002227511,0.0036131749391888897,0.8944716693651864,0.908635315126807,0.9015534922459967,0.8997469047764022,0.9033600797155912,0.22607365314025266,0.0009422578627884362,0.0006662769244040466,0.22476775036842073,0.22737955591208459,0.22607365314025266,0.22574051467805062,0.2264067916024547,0.2198994941544548,0.00011455470900898435,8.100241155710451e-05,0.2197407294278029,0.22005825888110672,0.2198994941544548,0.21985899294867625,0.21993999536023334,,,,,,,,,0.672263973063973,0.0005460038894011545,0.000386083052749786,0.6715072502805834,0.6730206958473626,0.672263973063973,0.6720709315375981,0.6724570145903479,0.851008084495289,0.024430469622344214,0.017274950737531547,0.8171491810497271,0.8848669879408508,0.851008084495289,0.8423706091265232,0.8596455598640547,-0.01291422223544805,0.002604366498815985,0.0018415652120078495,-0.016523690050983433,-0.009304754419912666,-0.01291422223544805,-0.013835004841451976,-0.011993439629444125,0.6577489280985103,0.000570072970057036,0.0004031024628984858,0.6569588472712292,0.6585390089257913,0.6577489280985103,0.6575473768670611,0.6579504793299595,6.881928374999973,0.1784447601934247,0.1261794999999779,6.634616555000016,7.129240194999929,6.881928374999973,6.818838624999984,6.945018124999962
S2_linear_PH_inst45,finegray_dgm_cif_R,Fine-Gray,dgm,2,0,0,0.0,0.0,0.05360501401838755,0.00017660395700024224,0.00012487785557924872,0.053360253421452224,0.05384977461532287,0.05360501401838755,0.05354257509059793,0.05366745294617717,0.07246512245109946,0.0009805481501421734,0.0006933522462454557,0.07110615204845837,0.07382409285374054,0.07246512245109946,0.07211844632797672,0.07281179857422218,0.9303740934995972,0.001853832414522654,0.0013108574714923993,0.9278048128554721,0.9329433741437223,0.9303740934995972,0.929718664763851,0.9310295222353434,0.22406275724877878,0.0013286537076319556,0.0009395000465152042,0.22222133715760897,0.22590417733994858,0.22406275724877878,0.2235930072255212,0.22453250727203639,0.21234312951500406,0.0009448531992059723,0.0006681121043843468,0.21103362979041074,0.21365262923959738,0.21234312951500406,0.21200907346281186,0.21267718556719623,,,,,,,,,0.6841418630751964,0.0032950699837111545,0.0023299663299664037,0.6795751290684623,0.6887085970819306,0.6841418630751964,0.6829768799102132,0.6853068462401797,0.7945471131485111,0.04120667999970878,0.029137522857978156,0.7374375683468739,0.8516566579501483,0.7945471131485111,0.779978351719522,0.8091158745775001,-0.02398360769968665,0.01766718768671288,0.01249258821777015,-0.04846908060651614,0.0005018652071428452,-0.02398360769968665,-0.030229901808571727,-0.017737313590801575,0.6736135801063561,0.001580194434465514,0.0011173662002038063,0.6714235423539566,0.6758036178587555,0.6736135801063561,0.6730548970062542,0.6741722632064581,10.093901333499986,0.09670905062632894,0.06838362549999032,9.959869427520005,10.227933239479967,10.093901333499986,10.05970952074999,10.12809314624998
S3_nonlinear_interaction_inst30,cs_gbsa_all_safe_cif,Gradient Boosting Survival,all_safe,2,0,0,0.0,0.0,0.1010002111628158,0.003796520858248378,0.0026845456437835993,0.09573850170099994,0.10626192062463165,0.1010002111628158,0.099657938340924,0.1023424839847076,0.12375017420803544,0.004172771753030929,0.0029505952029118473,0.11796700761032822,0.12953334080574266,0.12375017420803544,0.12227487660657953,0.12522547180949137,0.8333942569091878,0.012288516743664603,0.008689293520169672,0.8163632416096552,0.8504252722087203,0.8333942569091878,0.829049610149103,0.8377389036692726,0.18962898312981374,0.001604161162758671,0.001134313236302753,0.18740572918666035,0.19185223707296714,0.18962898312981374,0.18906182651166237,0.19019613974796512,0.20253269565188614,0.0013823967667271854,0.0009775021280431506,0.20061679148092157,0.2044485998228507,0.20253269565188614,0.20204394458786457,0.20302144671590772,,,,,,,,,0.7019666666666666,0.025916024726345094,0.018325396825396856,0.6660488888888888,0.7378844444444445,0.7019666666666666,0.6928039682539683,0.7111293650793651,2.0042504353455377,0.3580787312653197,0.25319989907638296,1.5079786331558271,2.5005222375352485,2.0042504353455377,1.8776504858073464,2.1308503848837295,0.6805731472555248,0.2712462168260716,0.19180003928891182,0.3046450702492576,1.056501224261792,0.6805731472555248,0.5846731276110688,0.7764731668999806,0.7117193256968561,0.016326283800021053,0.011544425986570963,0.689092250763177,0.7343464006305352,0.7117193256968561,0.7059471127035706,0.7174915386901416,16.398082875,0.6368373376993486,0.4503119999999967,15.515471355000006,17.280694394999994,16.398082875,16.172926875,16.623238875
S3_nonlinear_interaction_inst30,cs_gbsa_dgm_cif,Gradient Boosting Survival,dgm,2,0,0,0.0,0.0,0.101801112049577,0.0030758727086356475,0.0021749704503428997,0.09753816996690491,0.10606405413224908,0.101801112049577,0.10071362682440554,0.10288859727474844,0.12444916960302616,0.0023685337671775293,0.0016748062882405502,0.12116654927807467,0.12773178992797762,0.12444916960302616,0.12361176645890587,0.1252865727471464,0.82196196568729,0.0327721068378304,0.023173378978799897,0.7765421428888422,0.8673817884857378,0.82196196568729,0.81037527619789,0.83354865517669,0.1893455532742965,0.0020859651175265275,0.001475000079921601,0.18645455311765016,0.19223655343094284,0.1893455532742965,0.18860805323433572,0.1900830533142573,0.20224063061623399,0.001870502252477277,0.001322644826951394,0.19964824675540926,0.2048330144770587,0.20224063061623399,0.2015793082027583,0.2029019530297097,,,,,,,,,0.7002798941798942,0.0306869377812079,0.021698941798941773,0.6577499682539684,0.7428098201058201,0.7002798941798942,0.6894304232804233,0.7111293650793651,2.009531370009987,0.5062566212653311,0.3579774899173053,1.3078954897720685,2.7111672502479056,2.009531370009987,1.8305426250513344,2.1885201149686395,0.6846283596041705,0.3865314068316577,0.27331897891224133,0.1489231609361774,1.2203335582721635,0.6846283596041705,0.5479688701480497,0.8212878490602911,0.7094964506976593,0.019308812777026164,0.013653392451296651,0.6827358014931179,0.7362570999022008,0.7094964506976593,0.7026697544720111,0.7163231469233077,10.586211270999996,0.4290186250100855,0.30336197899996,9.991621792160075,11.180800749839918,10.586211270999996,10.434530281500015,10.737892260499976
S3_nonlinear_interaction_inst30,cs_rsf_all_safe_cif,Random Survival Forest,all_safe,2,0,0,0.0,0.0,0.08100421998902199,0.000257166863260393,0.00018184443290789748,0.08064780490052251,0.08136063507752148,0.08100421998902199,0.08091329777256805,0.08109514220547595,0.10423856981919666,0.00019876809988868713,0.0001405502713148557,0.10396309128741954,0.10451404835097378,0.10423856981919666,0.10416829468353922,0.10430884495485408,0.8590843640374952,0.0076453600815265576,0.005406085958260364,0.8484884355593049,0.8696802925156856,0.8590843640374952,0.8563813210583651,0.8617874070166255,0.18503863630029843,0.007506174435751435,0.005307666844288946,0.1746356092854921,0.19544166331510476,0.18503863630029843,0.18238480287815398,0.1876924697224429,0.18956903999712554,0.009257636851551511,0.006546137795494553,0.17673860991795623,0.20239947007629486,0.18956903999712554,0.1862959710993783,0.19284210889487283,,,,,,,,,0.710621164021164,0.030755029545322214,0.02174708994708996,0.6679968677248678,0.7532454603174603,0.710621164021164,0.6997476190476191,0.721494708994709,1.0238821998561924,0.2065480707019404,0.14605154143434051,0.737621178644885,1.3101432210675,1.0238821998561924,0.9508564291390222,1.0969079705733629,-0.17631369747828002,0.10553584196046757,0.0746251095084784,-0.32257891211489764,-0.030048482841662366,-0.17631369747828002,-0.21362625223251921,-0.1390011427240408,0.7120369933641475,0.018336166312008427,0.012965627540185485,0.6866243633853839,0.7374496233429111,0.7120369933641475,0.7055541795940548,0.7185198071342402,8.698563729,0.4051162365029456,0.286460438000006,8.137101270519988,9.260026187480012,8.698563729,8.555333509999997,8.841793948000003
S3_nonlinear_interaction_inst30,cs_rsf_dgm_cif,Random Survival Forest,dgm,2,0,0,0.0,0.0,0.06343625911959169,0.0007489222591502709,0.0005295680080267054,0.06239830582385935,0.06447421241532403,0.06343625911959169,0.06317147511557834,0.06370104312360506,0.0844351420641403,0.0009351188192649394,0.0006612288583173961,0.0831391335018382,0.08573115062644239,0.0844351420641403,0.08410452763498161,0.084765756493299,0.9093554814913252,0.002581515383647324,0.0018254070335144144,0.9057776837056369,0.9129332792770134,0.9093554814913252,0.908442777974568,0.9102681850080824,0.1800824616366796,0.007126471860900981,0.005039176578778198,0.17020567554227434,0.18995924773108486,0.1800824616366796,0.17756287334729048,0.1826020499260687,0.18379514799331315,0.009026171588817702,0.0063824671386063505,0.1712855124016447,0.1963047835849816,0.18379514799331315,0.18060391442400997,0.18698638156261632,,,,,,,,,0.725357671957672,0.03125187494501311,0.022098412698412728,0.682044783068783,0.7686705608465609,0.725357671957672,0.7143084656084656,0.7364068783068783,1.1282987636016784,0.1942660989161407,0.1373668758982597,0.8590596868410894,1.3975378403622674,1.1282987636016784,1.0596153256525487,1.1969822015508083,-0.0476051013239824,0.10745518429250574,0.07598228948688099,-0.19653038871826914,0.10132018607030432,-0.0476051013239824,-0.08559624606742289,-0.009613956580541903,0.7296727285715414,0.01868533092332961,0.01321252420460106,0.7037761811305233,0.7555692760125595,0.7296727285715414,0.7230664664692409,0.736278990673842,2.148127687500022,0.15595083859181436,0.11027389550000066,1.9319908523200207,2.364264522680023,2.148127687500022,2.0929907397500216,2.2032646352500223
S3_nonlinear_interaction_inst30,deephit_competing_risk_all_safe_reduced_optional,DeepHit optional,all_safe_reduced,0,0,2,0.0,1.0,,,,,,,,,,,,,,,,,,,,,,,,,,,,,,,,,,,,,,,,,,,,,,,,,,,,,,,,,,,,,,,,,,,,,,,,,,,,,,,,,,,,,,,,
S3_nonlinear_interaction_inst30,deephit_competing_risk_dgm_optional,DeepHit optional,dgm,0,0,2,0.0,1.0,,,,,,,,,,,,,,,,,,,,,,,,,,,,,,,,,,,,,,,,,,,,,,,,,,,,,,,,,,,,,,,,,,,,,,,,,,,,,,,,,,,,,,,,
S3_nonlinear_interaction_inst30,deepsurv_all_safe_cause_specific_optional,DeepSurv optional,all_safe,0,0,2,0.0,1.0,,,,,,,,,,,,,,,,,,,,,,,,,,,,,,,,,,,,,,,,,,,,,,,,,,,,,,,,,,,,,,,,,,,,,,,,,,,,,,,,,,,,,,,,
S3_nonlinear_interaction_inst30,deepsurv_dgm_cause_specific_optional,DeepSurv optional,dgm,0,0,2,0.0,1.0,,,,,,,,,,,,,,,,,,,,,,,,,,,,,,,,,,,,,,,,,,,,,,,,,,,,,,,,,,,,,,,,,,,,,,,,,,,,,,,,,,,,,,,,
S3_nonlinear_interaction_inst30,finegray_all_safe_reduced_R,Fine-Gray,all_safe_reduced,2,0,0,0.0,0.0,0.05992031179352275,0.0014779910326002553,0.001045097481684548,0.05787192072942104,0.061968702857624465,0.05992031179352275,0.05939776305268048,0.060442860534365025,0.08351153226941145,0.0004898802124268681,0.00034639762017614484,0.0828325929338662,0.0841904716049567,0.08351153226941145,0.08333833345932337,0.08368473107949953,0.9057890692395862,0.0050108914902548,0.003543235352549134,0.8988443279485899,0.9127338105305826,0.9057890692395862,0.9040174515633117,0.9075606869158609,0.18116937940448635,0.00660837317372631,0.00467282548375314,0.1720106414563302,0.19032811735264252,0.18116937940448635,0.17883296666260978,0.18350579214636292,0.18709478483317143,0.008226487482190915,0.005817005084003443,0.1756934548685247,0.19849611479781817,0.18709478483317143,0.18418628229116973,0.19000328737517316,,,,,,,,,0.7150867724867724,0.030916653952450593,0.02186137566137569,0.672238476190476,0.7579350687830688,0.7150867724867724,0.7041560846560846,0.7260174603174603,0.8947201257248862,0.13130593345141475,0.0928473159535249,0.7127393864559775,1.076700864993795,0.8947201257248862,0.8482964677481237,0.9411437837016488,-0.10574184587887314,0.08308566565430536,0.05875043760355755,-0.22089270358184593,0.009409011824099645,-0.10574184587887314,-0.13511706468065193,-0.07636662707709438,0.710208229199554,0.02306650776282174,0.01631048405738339,0.6782396804470825,0.7421767779520254,0.710208229199554,0.7020529871708622,0.7183634712282456,5.400756166500003,0.028110204892431656,0.019876916499981686,5.3617974101600385,5.439714922839967,5.400756166500003,5.390817708250012,5.410694624749993
S3_nonlinear_interaction_inst30,finegray_dgm_cif_R,Fine-Gray,dgm,2,0,0,0.0,0.0,0.05215494445001895,0.0009297444499618039,0.0006574286053385482,0.050866384383555396,0.0534435045164825,0.05215494445001895,0.051826230147349675,0.05248365875268823,0.07430496584202526,0.0011329511064714342,0.0008011174101387533,0.0727347757181533,0.07587515596589721,0.07430496584202526,0.07390440713695587,0.07470552454709463,0.9331204698313199,0.002252266206734242,0.001592592707819085,0.9299989881239945,0.9362419515386453,0.9331204698313199,0.9323241734774104,0.9339167661852295,0.17901616887319996,0.006747306283856948,0.004771066028057852,0.16966487945820657,0.18836745828819335,0.17901616887319996,0.17663063585917105,0.18140170188722887,0.1789894374063583,0.008339263621664855,0.0058967498569815055,0.16743180768667457,0.19054706712604205,0.1789894374063583,0.17604106247786755,0.18193781233484904,,,,,,,,,0.724699470899471,0.02790265806396437,0.01973015873015871,0.6860283597883599,0.763370582010582,0.724699470899471,0.7148343915343915,0.7345645502645504,0.8757568308182369,0.13586070513211487,0.0960680258957044,0.6874635000626562,1.0640501615738174,0.8757568308182369,0.8277228178703846,0.9237908437660891,-0.12640050892470744,0.08534570675558593,0.06034852799203335,-0.2446836237890928,-0.00811739406032208,-0.12640050892470744,-0.15657477292072414,-0.09622624492869078,0.726650883107501,0.02060665212811192,0.014571103457340138,0.6980915203311143,0.7552102458838877,0.726650883107501,0.719365331378831,0.7339364348361711,7.415785062999987,0.599541844710655,0.42394010399999615,6.584862459159995,8.24670766683998,7.415785062999987,7.203815010999989,7.627755114999985
S4_nonPH_inst30,cs_gbsa_all_safe_cif,Gradient Boosting Survival,all_safe,2,0,0,0.0,0.0,0.0946892522014017,0.0013607887791257833,0.0009622229734824044,0.0928032951733762,0.09657520922942721,0.0946892522014017,0.0942081407146605,0.09517036368814291,0.11537151437994861,0.0008008641526359507,0.000566296473138099,0.11426157329259794,0.11648145546729928,0.11537151437994861,0.11508836614337956,0.11565466261651765,0.8255359419157341,0.02152277137161542,0.015218897586796952,0.7957069026456121,0.8553649811858561,0.8255359419157341,0.8179264931223356,0.8331453907091326,0.2006698822199261,0.00200718914054803,0.0014192970524055102,0.1978880599972113,0.2034517044426409,0.2006698822199261,0.19996023369372334,0.20137953074612885,0.215044348104765,0.0023946537030080962,0.0016932758719905015,0.2117255273956636,0.2183631688138664,0.215044348104765,0.21419771016876976,0.21589098604076024,,,,,,,,,0.6471248677248678,0.012186180993020266,0.008616931216931245,0.6302356825396825,0.664014052910053,0.6471248677248678,0.6428164021164021,0.6514333333333333,1.7531494308263593,0.20459350028034978,0.14466945143492713,1.469597306013902,2.0367015556388166,1.7531494308263593,1.6808147051088957,1.825484156543823,0.5463361743850565,0.18112147402046253,0.12807222249837213,0.2953146182882472,0.797357730481866,0.5463361743850565,0.4823000631358705,0.6103722856342426,0.6710673162040801,0.005735534874700796,0.004055635603632868,0.6631182704209597,0.6790163619872005,0.6710673162040801,0.6690394984022636,0.6730951340058966,15.91507756249996,0.19078356775709876,0.13490435450000768,15.650665027679945,16.179490097319974,15.91507756249996,15.847625385249957,15.982529739749964
S4_nonPH_inst30,cs_gbsa_dgm_cif,Gradient Boosting Survival,dgm,2,0,0,0.0,0.0,0.09547386161507425,0.002635117170032029,0.001863309220150752,0.09182177554357877,0.09912594768656972,0.09547386161507425,0.09454220700499888,0.09640551622514962,0.1169558197808811,0.001686129504147206,0.0011922736063412001,0.11461896351245235,0.11929267604930985,0.1169558197808811,0.1163596829777105,0.11755195658405171,0.8121337763777369,0.0011114010302695275,0.0007858792051212982,0.8105934531356991,0.8136740996197747,0.8121337763777369,0.8117408367751762,0.8125267159802976,0.2005425341352045,0.002014141504338174,0.001424213115986797,0.19775107642787038,0.20333399184253864,0.2005425341352045,0.1998304275772111,0.2012546406931979,0.21494852391787966,0.0025515788953088237,0.0018042387396053489,0.2114122159882532,0.21848483184750614,0.21494852391787966,0.21404640454807697,0.21585064328768233,,,,,,,,,0.6475481481481482,0.013898202490750213,0.00982751322751324,0.6282862222222223,0.6668100740740741,0.6475481481481482,0.6426343915343915,0.6524619047619048,1.787322077557842,0.15050717646938952,0.1064246450987457,1.5787297731643004,1.9959143819513836,1.787322077557842,1.734109755008469,1.8405344001072148,0.5740641154600038,0.13753178515154627,0.09724965790934968,0.38345478595767846,0.7646734449623291,0.5740641154600038,0.525439286505329,0.6226889444146786,0.6706643298971549,0.006769976232867896,0.004787096102732646,0.6612816215357988,0.6800470382585109,0.6706643298971549,0.6682707818457885,0.6730578779485212,9.552885020500014,0.05633616952893893,0.039835687499987664,9.474807073000038,9.63096296799999,9.552885020500014,9.53296717675002,9.572802864250008
S4_nonPH_inst30,cs_rsf_all_safe_cif,Random Survival Forest,all_safe,2,0,0,0.0,0.0,0.0751430619307569,0.005162299144816419,0.0036502967318132046,0.06798848033640302,0.08229764352511078,0.0751430619307569,0.07331791356485029,0.07696821029666351,0.0917810091164806,0.004484930820280652,0.003171324996172994,0.08556521212398153,0.09799680610897966,0.0917810091164806,0.0901953466183941,0.0933666716145671,0.8553790379462392,0.010869811177503186,0.007686117193829833,0.8403142482463327,0.8704438276461456,0.8553790379462392,0.8515359793493242,0.8592220965431541,0.20078077603823313,0.003103281001511202,0.0021943510400959515,0.19647984799964507,0.2050817040768212,0.20078077603823313,0.19968360051818518,0.20187795155828112,0.2080711167131494,0.00376967652676064,0.0026655638349522,0.20284661159664308,0.21329562182965572,0.2080711167131494,0.2067383347956733,0.2094038986306255,,,,,,,,,0.6401417989417989,0.01715613151221719,0.012131216931216993,0.6163646137566136,0.6639189841269842,0.6401417989417989,0.6340761904761905,0.6462074074074073,0.9039811015531326,0.029682422751376728,0.02098864240954434,0.8628433624304257,0.9451188406758395,0.9039811015531326,0.8934867803483604,0.9144754227579048,-0.2313055280901359,0.01848788971030279,0.013072912183984098,-0.2569284359707447,-0.20568262020952707,-0.2313055280901359,-0.23784198418212796,-0.22476907199814386,0.6662895172558223,0.01173234774151334,0.008296022647262757,0.6500293128671873,0.6825497216444573,0.6662895172558223,0.6621415059321909,0.6704375285794536,7.320658124999994,0.22592933662991901,0.15975616599999398,7.007536039640006,7.6337802103599826,7.320658124999994,7.240780041999997,7.400536207999991
S4_nonPH_inst30,cs_rsf_dgm_cif,Random Survival Forest,dgm,2,0,0,0.0,0.0,0.0647461052859251,0.0044106788000372755,0.0031188208891421015,0.05863321634320658,0.07085899422864363,0.0647461052859251,0.06318669484135406,0.06630551573049615,0.08165155261881875,0.004601774304162552,0.0032539458159633466,0.07527381881953059,0.08802928641810691,0.08165155261881875,0.08002457971083707,0.08327852552680043,0.884425553966913,0.013730083891670238,0.009708635426060208,0.865396628531835,0.9034544794019911,0.884425553966913,0.8795712362538829,0.889279871679943,0.1959256417120099,0.00175540158048553,0.0012412563612669012,0.19349277924392677,0.19835850418009304,0.1959256417120099,0.19530501353137647,0.19654626989264334,0.2015079555370239,0.0016784574024242018,0.0011868486111869109,0.19918173225909755,0.20383417881495022,0.2015079555370239,0.20091453123143044,0.20210137984261736,,,,,,,,,0.6633936507936509,0.007954015961918623,0.0056243386243386975,0.652369947089947,0.6744173544973547,0.6633936507936509,0.6605814814814814,0.6662058201058202,0.9793795229666674,0.004298800687828649,0.0030397111173330327,0.9734216891766947,0.9853373567566401,0.9793795229666674,0.9778596674080009,0.9808993785253339,-0.1110423080054456,0.003943550983088849,0.0027885116420970006,-0.11650779082395571,-0.10557682518693548,-0.1110423080054456,-0.1124365638264941,-0.1096480521843971,0.6852687238195212,0.0017632889533550971,0.001246833576108719,0.6828249300103482,0.6877125176286942,0.6852687238195212,0.6846453070314668,0.6858921406075755,1.9635175624999877,0.068192286911851,0.04821922849998849,1.8690078746400103,2.0580272503599653,1.9635175624999877,1.9394079482499933,1.987627176749982
S4_nonPH_inst30,deephit_competing_risk_all_safe_reduced_optional,DeepHit optional,all_safe_reduced,0,0,2,0.0,1.0,,,,,,,,,,,,,,,,,,,,,,,,,,,,,,,,,,,,,,,,,,,,,,,,,,,,,,,,,,,,,,,,,,,,,,,,,,,,,,,,,,,,,,,,
S4_nonPH_inst30,deephit_competing_risk_dgm_optional,DeepHit optional,dgm,0,0,2,0.0,1.0,,,,,,,,,,,,,,,,,,,,,,,,,,,,,,,,,,,,,,,,,,,,,,,,,,,,,,,,,,,,,,,,,,,,,,,,,,,,,,,,,,,,,,,,
S4_nonPH_inst30,deepsurv_all_safe_cause_specific_optional,DeepSurv optional,all_safe,0,0,2,0.0,1.0,,,,,,,,,,,,,,,,,,,,,,,,,,,,,,,,,,,,,,,,,,,,,,,,,,,,,,,,,,,,,,,,,,,,,,,,,,,,,,,,,,,,,,,,
S4_nonPH_inst30,deepsurv_dgm_cause_specific_optional,DeepSurv optional,dgm,0,0,2,0.0,1.0,,,,,,,,,,,,,,,,,,,,,,,,,,,,,,,,,,,,,,,,,,,,,,,,,,,,,,,,,,,,,,,,,,,,,,,,,,,,,,,,,,,,,,,,
S4_nonPH_inst30,finegray_all_safe_reduced_R,Fine-Gray,all_safe_reduced,2,0,0,0.0,0.0,0.05831160026220785,0.00207349043525669,0.0014661791474954514,0.055437889133116765,0.06118531139129894,0.05831160026220785,0.05757851068846012,0.05904468983595558,0.07749270541795135,0.0016443797995751375,0.0011627521071257555,0.07521371128798487,0.07977169954791782,0.07749270541795135,0.07691132936438846,0.07807408147151423,0.8938437874861278,0.012623466944137933,0.008926139078284157,0.8763485548926908,0.9113390200795648,0.8938437874861278,0.8893807179469858,0.8983068570252699,0.19682533097374538,0.004891278750189841,0.003458656372932897,0.1900463644827969,0.20360429746469386,0.19682533097374538,0.19509600278727895,0.19855465916021184,0.2038318339229918,0.007896414960875106,0.005583608565897694,0.19288796113383233,0.2147757067121513,0.2038318339229918,0.20104002964004294,0.20662363820594065,,,,,,,,,0.6584814814814814,0.026627621074396257,0.018828571428571413,0.6215774814814815,0.6953854814814814,0.6584814814814814,0.6490671957671957,0.6678957671957672,0.7833081455236501,0.03827924361899679,0.027067512741684507,0.7302558205499485,0.8363604704973517,0.7833081455236501,0.7697743891528079,0.7968419018944923,-0.1815704544280592,0.05484557885606091,0.0387816807272222,-0.2575825486534147,-0.10555836020270369,-0.1815704544280592,-0.2009612947916703,-0.1621796140644481,0.6755838046235466,0.020488043085059297,0.014487234198687582,0.6471888255941189,0.7039787836529743,0.6755838046235466,0.6683401875242028,0.6828274217228905,5.114712895500048,0.1607119073434702,0.11364047949999188,4.891977555680064,5.337448235320032,5.114712895500048,5.057892655750052,5.171533135250044
S4_nonPH_inst30,finegray_dgm_cif_R,Fine-Gray,dgm,2,0,0,0.0,0.0,0.056781407350096,0.0037164586054686745,0.0026279330819259992,0.05163065850952104,0.06193215619067096,0.056781407350096,0.055467440809133,0.058095373891058996,0.07767092698637135,0.002420539259716287,0.001711579724673652,0.07431623072601098,0.08102562324673171,0.07767092698637135,0.07681513712403452,0.07852671684870818,0.9016995669775854,0.011363159483733273,0.008034967126652026,0.8859510314093474,0.9174481025458233,0.9016995669775854,0.8976820834142594,0.9057170505409115,0.1955898091893074,0.0015114227001879724,0.0010687372405421974,0.1934950841978447,0.19768453418077012,0.1955898091893074,0.1950554405690363,0.1961241778095785,0.19863449826453017,0.0014694037078538877,0.0010390253261241406,0.19659800862532686,0.20067098790373347,0.19863449826453017,0.1981149856014681,0.19915401092759222,,,,,,,,,0.6670148148148148,0.006149210082318502,0.004348148148148101,0.6584924444444445,0.6755371851851851,0.6670148148148148,0.6648407407407408,0.6691888888888888,0.7886869777089809,0.0042455822318459265,0.0030020799862233716,0.782802900935983,0.7945710544819787,0.7886869777089809,0.7871859377158692,0.7901880177020926,-0.1831566153760639,0.01309330250559155,0.009258362989830599,-0.20130300683613186,-0.16501022391599593,-0.1831566153760639,-0.18778579687097918,-0.1785274338811486,0.6872474517875297,0.0006263587542903323,0.00044290252261425245,0.6863793628432058,0.6881155407318535,0.6872474517875297,0.6870260005262225,0.6874689030488368,6.914776332999963,0.7840064708045482,0.554376292000029,5.828198800679907,8.00135386532002,6.914776332999963,6.637588186999949,7.191964478999978
S5_MAR_missingness_inst30,cs_gbsa_all_safe_cif,Gradient Boosting Survival,all_safe,2,0,0,0.0,0.0,0.07913877422938186,0.0019597469606245557,0.0013857503652673492,0.07642270351345785,0.08185484494530586,0.07913877422938186,0.07844589904674817,0.07983164941201554,0.09692672433978955,0.0020961269971456024,0.0014821856139098503,0.09402164053652624,0.09983180814305286,0.09692672433978955,0.09618563153283463,0.09766781714674447,0.8433716628849465,0.0034011299838679937,0.002404962075289951,0.8386579372173781,0.8480853885525148,0.8433716628849465,0.8421691818473015,0.8445741439225914,0.1995875712835899,0.0015565793187847046,0.0011006677917674013,0.1974302624117258,0.201744880155454,0.1995875712835899,0.19903723738770618,0.2001379051794736,0.21432470517806396,0.00010983428375801018,7.766456685205647e-05,0.21417248262703392,0.214476927729094,0.21432470517806396,0.2142858728946379,0.21436353746148998,,,,,,,,,0.6647179894179894,0.02470084862830596,0.017466137566137574,0.6304843597883598,0.698951619047619,0.6647179894179894,0.6559849206349206,0.6734510582010582,2.1646339507277124,0.30103649102929747,0.21286494419141952,1.74741866011253,2.5818492413428946,2.1646339507277124,2.0582014786320024,2.271066422823422,0.8595866390738169,0.23836457034622155,0.1685492040864311,0.5292301990644119,1.189943079083222,0.8595866390738169,0.7753120370306015,0.9438612411170325,0.678637060755636,0.014378131830261334,0.010166874517971934,0.658709986700411,0.698564134810861,0.678637060755636,0.67355362349665,0.683720498014622,15.97259862499999,0.01856986151074776,0.013130874999944806,15.946862110000097,15.998335139999881,15.97259862499999,15.966033187500017,15.979164062499962
S5_MAR_missingness_inst30,cs_gbsa_dgm_cif,Gradient Boosting Survival,dgm,2,0,0,0.0,0.0,0.08142525488389105,0.0011956778186152028,0.0008454718936571486,0.07976812997232303,0.08308237979545906,0.08142525488389105,0.08100251893706248,0.08184799083071961,0.1000815011742007,0.0012687847123935467,0.0008971662739993003,0.09832305527716206,0.10183994707123933,0.1000815011742007,0.09963291803720105,0.10053008431120035,0.8236451117671275,0.0022505684240060617,0.0015913921941390072,0.8205259830666151,0.82676424046764,0.8236451117671275,0.822849415670058,0.8244408078641969,0.1994476017883542,0.0017251333226651433,0.001219853470907403,0.19705668898537568,0.2018385145913327,0.1994476017883542,0.1988376750529005,0.2000575285238079,0.21401007576043568,0.0006539622890137606,0.00046242116920190696,0.21310373026879995,0.21491642125207142,0.21401007576043568,0.21377886517583475,0.21424128634503664,,,,,,,,,0.6647328042328042,0.026441304049512174,0.01869682539682538,0.6280870264550265,0.701378582010582,0.6647328042328042,0.6553843915343915,0.6740812169312169,2.2877147202518837,0.41794411327403413,0.2955311166530681,1.7084737316118703,2.866955708891897,2.2877147202518837,2.1399491619253497,2.4354802785784178,0.9538991099618623,0.32280917400245385,0.22826055596636327,0.5065084202677903,1.4012897996559344,0.9538991099618623,0.8397688319786807,1.068029387945044,0.6787006694347631,0.01764581357152527,0.01247747443597913,0.654244819540244,0.7031565193292822,0.6787006694347631,0.6724619322167735,0.6849394066527528,9.492967249499998,0.021543186835801382,0.015233333499963917,9.463109915840068,9.522824583159927,9.492967249499998,9.485350582750016,9.50058391624998
S5_MAR_missingness_inst30,cs_rsf_all_safe_cif,Random Survival Forest,all_safe,2,0,0,0.0,0.0,0.0677701383476394,0.002660658519025236,0.0018813696812245012,0.06408265377243938,0.07145762292283941,0.0677701383476394,0.06682945350702715,0.06871082318825164,0.08568720276938245,0.0015376752569899361,0.001087300601480351,0.08355609359048097,0.08781831194828393,0.08568720276938245,0.08514355246864228,0.08623085307012263,0.8430220031208904,0.005865446442874472,0.004147496954443053,0.834892909090182,0.8511510971515988,0.8430220031208904,0.8409482546436688,0.8450957515981119,0.1961477563846164,0.0026697025404223466,0.0018877647700835942,0.19244773743525256,0.19984777533398024,0.1961477563846164,0.19520387399957462,0.19709163876965818,0.20241247764969456,0.0010278552598567232,0.0007268034243229499,0.20098794293802158,0.20383701236136753,0.20241247764969456,0.20204907593753307,0.202775879361856,,,,,,,,,0.668226455026455,0.01835334934279739,0.012977777777777698,0.6427900105820107,0.6936628994708992,0.668226455026455,0.6617375661375662,0.6747153439153438,1.0377268068078145,0.13713487769525065,0.09696900195549955,0.8476675629750354,1.2277860506405935,1.0377268068078145,0.9892423058300648,1.0862113077855644,-0.15109941372121835,0.08842454985611115,0.06252559882662415,-0.27364958742140166,-0.028549240021035024,-0.15109941372121835,-0.18236221313453044,-0.11983661430790628,0.6828901569265382,0.01370654439415058,0.009691990487738333,0.6638938555705711,0.7018864582825053,0.6828901569265382,0.6780441616826691,0.6877361521704074,6.935066000000006,0.2532155874669214,0.17905045899999547,6.584127100360015,7.286004899639997,6.935066000000006,6.845540770500008,7.024591229500004
S5_MAR_missingness_inst30,cs_rsf_dgm_cif,Random Survival Forest,dgm,2,0,0,0.0,0.0,0.05526864068406585,0.0015375345301189094,0.0010872010925555527,0.05313772654265697,0.057399554825474736,0.05526864068406585,0.054725040137788075,0.055812241230343625,0.06945536091767154,0.0014889301104159497,0.001052832577787953,0.06739180906520716,0.07151891277013593,0.06945536091767154,0.06892894462877758,0.06998177720656552,0.9001657156292071,0.00020579896322017098,0.00014552184245414376,0.899880492817997,0.9004509384404172,0.9001657156292071,0.90009295470798,0.9002384765504341,0.19285897440674893,0.0025356912900911977,0.0017930045062191508,0.18934468557455938,0.19637326323893847,0.19285897440674893,0.19196247215363937,0.1937554766598585,0.1979072054223098,0.001160125932164252,0.0008203329136637071,0.19629935291152895,0.19951505793309066,0.1979072054223098,0.19749703896547793,0.19831737187914167,,,,,,,,,0.6810084656084656,0.018579324208319675,0.013137566137566226,0.6552588359788358,0.7067580952380954,0.6810084656084656,0.6744396825396826,0.6875772486772487,1.1545014880459536,0.19090399568226002,0.13498950990253344,0.8899220486369881,1.4190809274549192,1.1545014880459536,1.087006733094687,1.2219962429972204,-0.004033507937035545,0.12777063617785933,0.09034748327788354,-0.1811145751616873,0.1730475592876162,-0.004033507937035545,-0.049207249575977316,0.041140233701906226,0.6984269324652039,0.012655887896863869,0.008949064153809194,0.6808867667237379,0.7159670982066699,0.6984269324652039,0.6939524003882994,0.7029014645421086,2.053329166000026,0.026743485571181752,0.018910499999947206,2.0162645860001294,2.0903937459999224,2.053329166000026,2.0438739160000523,2.0627844159999995
S5_MAR_missingness_inst30,deephit_competing_risk_all_safe_reduced_optional,DeepHit optional,all_safe_reduced,0,0,2,0.0,1.0,,,,,,,,,,,,,,,,,,,,,,,,,,,,,,,,,,,,,,,,,,,,,,,,,,,,,,,,,,,,,,,,,,,,,,,,,,,,,,,,,,,,,,,,
S5_MAR_missingness_inst30,deephit_competing_risk_dgm_optional,DeepHit optional,dgm,0,0,2,0.0,1.0,,,,,,,,,,,,,,,,,,,,,,,,,,,,,,,,,,,,,,,,,,,,,,,,,,,,,,,,,,,,,,,,,,,,,,,,,,,,,,,,,,,,,,,,
S5_MAR_missingness_inst30,deepsurv_all_safe_cause_specific_optional,DeepSurv optional,all_safe,0,0,2,0.0,1.0,,,,,,,,,,,,,,,,,,,,,,,,,,,,,,,,,,,,,,,,,,,,,,,,,,,,,,,,,,,,,,,,,,,,,,,,,,,,,,,,,,,,,,,,
S5_MAR_missingness_inst30,deepsurv_dgm_cause_specific_optional,DeepSurv optional,dgm,0,0,2,0.0,1.0,,,,,,,,,,,,,,,,,,,,,,,,,,,,,,,,,,,,,,,,,,,,,,,,,,,,,,,,,,,,,,,,,,,,,,,,,,,,,,,,,,,,,,,,
S5_MAR_missingness_inst30,finegray_all_safe_reduced_R,Fine-Gray,all_safe_reduced,2,0,0,0.0,0.0,0.0523084470236191,0.004032442475545368,0.002851367419202798,0.046719766881981616,0.057897127165256586,0.0523084470236191,0.0508827633140177,0.0537341307332205,0.06892297235487371,0.003912890892566564,0.0027668316841768996,0.06349998225388699,0.07434596245586043,0.06892297235487371,0.06753955651278526,0.07030638819696215,0.8789812742138998,0.01890444848576023,0.013367463718872818,0.8527810453249091,0.9051815031028906,0.8789812742138998,0.8722975423544633,0.8856650060733362,0.19613273042196533,0.003465551886682241,0.002450515239626846,0.19132972055229672,0.20093574029163394,0.19613273042196533,0.19490747280215193,0.19735798804177876,0.20470455770293028,0.004419112933346512,0.0031247847219984942,0.19857997964781324,0.21082913575804732,0.20470455770293028,0.20314216534193105,0.20626695006392953,,,,,,,,,0.662584126984127,0.0273863578745266,0.019365079365079363,0.6246285714285715,0.7005396825396826,0.662584126984127,0.6529015873015873,0.6722666666666668,0.873641840094386,0.12242477536572416,0.08656738884634334,0.703969757955553,1.0433139222332188,0.873641840094386,0.8303581456712142,0.9169255345175575,-0.1145016029477401,0.08189212695192415,0.0579064782934952,-0.22799830040299068,-0.0010049054924895218,-0.1145016029477401,-0.1434548420944877,-0.0855483638009925,0.6701178278891611,0.020844450461043232,0.014739252271110725,0.6412288934377841,0.699006762340538,0.6701178278891611,0.6627482017536057,0.6774874540247164,5.022131708500012,0.006147232095180897,0.0043467495000300005,5.0136120794799535,5.030651337520071,5.022131708500012,5.019958333749997,5.024305083250027
S5_MAR_missingness_inst30,finegray_dgm_cif_R,Fine-Gray,dgm,2,0,0,0.0,0.0,0.04320997088876925,0.0004553466218317992,0.0003219786840876516,0.04257889266795745,0.04384104910958105,0.04320997088876925,0.04304898154672542,0.04337096023081308,0.061474904996599994,0.0020610321635085777,0.0014573698190604963,0.05861846015124142,0.06433134984195857,0.061474904996599994,0.06074622008706975,0.062203589906130244,0.930966214651651,0.004508683289253499,0.003188120528053617,0.9247174984166658,0.9372149308866361,0.930966214651651,0.9293721543876241,0.9325602749156778,0.19367095633730785,0.0030982556931605583,0.002190797610483658,0.1893769930207599,0.19796491965385582,0.19367095633730785,0.192575557532066,0.1947663551425497,0.1972789851330775,0.001647824158713584,0.0011651876368293929,0.1949952173648919,0.19956275290126313,0.1972789851330775,0.1966963913146628,0.1978615789514922,,,,,,,,,0.681410582010582,0.02214104725429614,0.01565608465608459,0.6507246560846562,0.7120965079365078,0.681410582010582,0.6735825396825397,0.6892386243386244,0.9003620076542143,0.13831926775851222,0.09780649220080177,0.7086612829406428,1.0920627323677858,0.9003620076542143,0.8514587615538133,0.9492652537546151,-0.0961373495443516,0.10336039033954672,0.073086832915182,-0.23938754205810833,0.04711284296940513,-0.0961373495443516,-0.13268076600194262,-0.0595939330867606,0.6931367499937919,0.012772657741749672,0.009031632902966047,0.6754347495039785,0.7108387504836053,0.6931367499937919,0.6886209335423089,0.697652566445275,6.412360729499994,0.14398075822316847,0.10180977049998319,6.212813579320027,6.611907879679961,6.412360729499994,6.361455844250003,6.463265614749986
S6_highdim_sparseMRI_inst30,cs_gbsa_all_safe_cif,Gradient Boosting Survival,all_safe,2,0,0,0.0,0.0,0.0858959142872138,0.00256136265898259,0.0018111569052445956,0.08234604675293439,0.08944578182149321,0.0858959142872138,0.08499033583459151,0.08680149273983609,0.1061428381074132,0.0012172503821920343,0.0008607259996499041,0.1044558151480994,0.10782986106672701,0.1061428381074132,0.10571247510758824,0.10657320110723816,0.9090751507449566,0.0017303272768259058,0.0012235261511156503,0.9066770394887699,0.9114732620011433,0.9090751507449566,0.9084633876693988,0.9096869138205144,0.19111258076414278,0.0003165440886168626,0.00022383047160549893,0.190673873039796,0.19155128848848957,0.19111258076414278,0.19100066552834005,0.19122449599994554,0.20644422730257156,0.0012238689453456593,0.0008654060305375437,0.20474803148271797,0.20814042312242514,0.20644422730257156,0.20601152428730277,0.20687693031784032,,,,,,,,,0.708388888888889,0.0003763753554888119,0.00026613756613763634,0.7078672592592592,0.7089105185185187,0.708388888888889,0.7082558201058201,0.7085219576719577,1.8684066920135336,0.08755634737946515,0.0619116869679448,1.7470597855563619,1.9897535984707053,1.8684066920135336,1.8374508485295613,1.8993625354975059,0.5713241495705537,0.10219286486266335,0.07226126773326971,0.429692064813345,0.7129562343277623,0.5713241495705537,0.5351935157039188,0.6074547834371885,0.7008218233235155,0.0013733521803901026,0.0009711066397111722,0.6989184543096816,0.7027251923373494,0.7008218233235155,0.7003362700036598,0.7013073766433711,15.935242333499957,0.10415794821885387,0.07365079150002884,15.7908867821599,16.079597884840013,15.935242333499957,15.898416937749943,15.972067729249972
S6_highdim_sparseMRI_inst30,cs_gbsa_dgm_cif,Gradient Boosting Survival,dgm,2,0,0,0.0,0.0,0.0982109839330606,0.0026267715741728702,0.0018574079927256987,0.09457046426731823,0.10185150359880298,0.0982109839330606,0.09728227993669775,0.09913968792942346,0.1227574352938495,0.0025284994285555014,0.0017879190921579052,0.11925311387322,0.12626175671447898,0.1227574352938495,0.12186347574777054,0.12365139483992846,0.8773982635940731,0.01028986047596002,0.007276030120014765,0.8631372445588442,0.891659282629302,0.8773982635940731,0.8737602485340658,0.8810362786540805,0.1954948396248896,0.001655127907923343,0.0011703521674236994,0.19320094937673915,0.19778872987304003,0.1954948396248896,0.19490966354117772,0.19608001570860145,0.21148976814672715,0.0009876015204946975,0.0006983397322519457,0.21012102227151333,0.21285851402194098,0.21148976814672715,0.21114059828060117,0.21183893801285314,,,,,,,,,0.6873883597883599,0.019186912257339046,0.013567195767195726,0.6607966560846562,0.7139800634920636,0.6873883597883599,0.6806047619047619,0.6941719576719577,2.0129452890396844,0.0699683329130228,0.049475082671116326,1.9159741270042965,2.1099164510750725,2.0129452890396844,1.9882077477041262,2.0376828303752426,0.7075611724117209,0.019876678569720575,0.014054934204114744,0.680013501371656,0.7351088434517858,0.7075611724117209,0.7005337053096635,0.7145886395137783,0.6835994475774974,0.01452342538768831,0.010269612577691265,0.6634710069252224,0.7037278882297723,0.6835994475774974,0.6784646412886517,0.6887342538663429,9.670776770999964,0.002720799815786685,0.0019238959999938743,9.667005934839976,9.674547607159953,9.670776770999964,9.669814822999967,9.671738718999961
S6_highdim_sparseMRI_inst30,cs_rsf_all_safe_cif,Random Survival Forest,all_safe,2,0,0,0.0,0.0,0.05289487932355395,0.002967298955498925,0.0020981972132410494,0.0487824127856015,0.05700734586150641,0.05289487932355395,0.05184578071693342,0.053943977930174476,0.06872265732174701,0.003323075719336071,0.0023497693755389,0.06411710934569076,0.07332820529780326,0.06872265732174701,0.06754777263397756,0.06989754200951645,0.9409055719580319,0.01204535126784388,0.008517349563266385,0.9242115668140298,0.957599577102034,0.9409055719580319,0.9366468971763988,0.9451642467396651,0.18940923528225462,0.002177321976511961,0.0015395991344181043,0.18639162097879514,0.1924268495857141,0.18940923528225462,0.18863943571504554,0.19017903484946366,0.1952567640033011,0.00016937718355185158,0.0001197677550677928,0.19502201920336823,0.195491508803234,0.1952567640033011,0.1951968801257672,0.195316647880835,,,,,,,,,0.7003608465608466,0.01254235329761791,0.00886878306878308,0.6829780317460318,0.7177436613756615,0.7003608465608466,0.695926455026455,0.7047952380952381,0.8904206828538177,0.040292648298477445,0.028491204843818004,0.8345779213599345,0.9462634443477009,0.8904206828538177,0.8761750804319087,0.9046662852757268,-0.23555330546583292,0.008893737985988276,0.006288822439988697,-0.24787939744821078,-0.22322721348345506,-0.23555330546583292,-0.23869771668582726,-0.23240889424583855,0.69925854976351,0.012075203052860818,0.008538457962882384,0.6825231721562605,0.7159939273707595,0.69925854976351,0.6949893207820689,0.7035277787449512,7.486347812500014,0.2711964566060949,0.191764853499933,7.110488699640146,7.8622069253598825,7.486347812500014,7.390465385750048,7.582230239249981
S6_highdim_sparseMRI_inst30,cs_rsf_dgm_cif,Random Survival Forest,dgm,2,0,0,0.0,0.0,0.06421940840774346,0.0019021889858636526,0.0013450507310025506,0.06158310897497846,0.06685570784050845,0.06421940840774346,0.06354688304224218,0.06489193377324473,0.08192455026542955,0.003428456490517773,0.0024242848334481495,0.07717295199187119,0.08667614853898792,0.08192455026542955,0.08071240784870547,0.08313669268215362,0.905320091253374,0.003677115288362458,0.002600113155605821,0.9002238694683866,0.9104163130383613,0.905320091253374,0.9040200346755711,0.9066201478311768,0.19065030611425415,0.002038027508096493,0.0014411030712197515,0.18782574409466343,0.19347486813384487,0.19065030611425415,0.18992975457864428,0.19137085764986403,0.19920447216697607,0.0008896683679688652,0.0006290905359979532,0.19797145471642008,0.20043748961753205,0.19920447216697607,0.19888992689897708,0.19951901743497502,,,,,,,,,0.6883492063492063,0.012938931703997732,0.009149206349206407,0.6704167619047617,0.7062816507936508,0.6883492063492063,0.6837746031746031,0.6929238095238095,0.9601155300362177,0.04469982969460388,0.0316075526949382,0.8981647267541388,1.0220663333182967,0.9601155300362177,0.9443117536887486,0.9759193063836868,-0.13100378350980707,0.0028696303701531427,0.0020291350942341496,-0.134980888294506,-0.12702667872510814,-0.13100378350980707,-0.13201835105692414,-0.12998921596268997,0.6875759329166069,0.009555373623526561,0.006756669485966703,0.6743328607241121,0.7008190051091017,0.6875759329166069,0.6841975981736235,0.6909542676595902,2.0762965835000387,0.053951541004895735,0.03814950050002585,2.001523562519988,2.151069604480089,2.0762965835000387,2.057221833250026,2.0953713337500517
S6_highdim_sparseMRI_inst30,deephit_competing_risk_all_safe_reduced_optional,DeepHit optional,all_safe_reduced,0,0,2,0.0,1.0,,,,,,,,,,,,,,,,,,,,,,,,,,,,,,,,,,,,,,,,,,,,,,,,,,,,,,,,,,,,,,,,,,,,,,,,,,,,,,,,,,,,,,,,
S6_highdim_sparseMRI_inst30,deephit_competing_risk_dgm_optional,DeepHit optional,dgm,0,0,2,0.0,1.0,,,,,,,,,,,,,,,,,,,,,,,,,,,,,,,,,,,,,,,,,,,,,,,,,,,,,,,,,,,,,,,,,,,,,,,,,,,,,,,,,,,,,,,,
S6_highdim_sparseMRI_inst30,deepsurv_all_safe_cause_specific_optional,DeepSurv optional,all_safe,0,0,2,0.0,1.0,,,,,,,,,,,,,,,,,,,,,,,,,,,,,,,,,,,,,,,,,,,,,,,,,,,,,,,,,,,,,,,,,,,,,,,,,,,,,,,,,,,,,,,,
S6_highdim_sparseMRI_inst30,deepsurv_dgm_cause_specific_optional,DeepSurv optional,dgm,0,0,2,0.0,1.0,,,,,,,,,,,,,,,,,,,,,,,,,,,,,,,,,,,,,,,,,,,,,,,,,,,,,,,,,,,,,,,,,,,,,,,,,,,,,,,,,,,,,,,,
S6_highdim_sparseMRI_inst30,finegray_all_safe_reduced_R,Fine-Gray,all_safe_reduced,2,0,0,0.0,0.0,0.03436666263018165,0.003589865127408629,0.0025384179751357506,0.029391363398915578,0.03934196186144772,0.03436666263018165,0.033097453642613774,0.035635871617749525,0.0493919484332583,0.006278490061859077,0.004439562898352899,0.04069040515248662,0.058093491714029985,0.0493919484332583,0.04717216698408185,0.05161172988243475,0.9694693464308206,0.004242192538355586,0.002999683110970208,0.963589967533319,0.9753487253283222,0.9694693464308206,0.9679695048753355,0.9709691879863057,0.18729081797736555,0.0008682269069082707,0.0006139291334834596,0.18608751687573796,0.18849411907899313,0.18729081797736555,0.18698385341062382,0.18759778254410728,0.1933815146964118,0.0013880712511972835,0.0009815145944916948,0.19145774609120808,0.1953052833016155,0.1933815146964118,0.19289075739916595,0.19387227199365764,,,,,,,,,0.7093640211640211,0.005936703917390536,0.0041978835978835885,0.7011361693121693,0.7175918730158729,0.7093640211640211,0.7072650793650793,0.711462962962963,0.8281264934947213,0.01708860517496101,0.012083468600234458,0.8044428950382618,0.8518100919511808,0.8281264934947213,0.8220847591946041,0.8341682277948386,-0.16088507355207599,0.049082921055033,0.034706866318457805,-0.2289105315362533,-0.09285961556789869,-0.16088507355207599,-0.1782385067113049,-0.1435316403928471,0.7050810357046339,0.008571420269690093,0.00606090939709769,0.6932016532863224,0.7169604181229453,0.7050810357046339,0.7020505810060851,0.7081114904031827,5.0292082295,0.025097193199353995,0.017746395500012113,4.994425294319976,5.063991164680024,5.0292082295,5.020335031749994,5.038081427250006
S6_highdim_sparseMRI_inst30,finegray_dgm_cif_R,Fine-Gray,dgm,2,0,0,0.0,0.0,0.0518291815170667,0.0042301100033960565,0.002991139468566401,0.045966548158676554,0.05769181487545684,0.0518291815170667,0.0503336117827835,0.0533247512513499,0.07111198414067095,0.00669326884043407,0.00473285578537555,0.06183558680133487,0.08038838148000703,0.07111198414067095,0.06874555624798317,0.07347841203335873,0.9260255671224744,0.012455141514278473,0.008807115025384392,0.908763621672721,0.9432875125722279,0.9260255671224744,0.9216220096097821,0.9304291246351666,0.18983713865043256,0.00020761026131769844,0.00014680262362165572,0.18954940550813412,0.190124871792731,0.18983713865043256,0.18976373733862173,0.18991053996224339,0.19982705183386995,0.0011702188835489998,0.0008274697080300485,0.19820521120613105,0.20144889246160885,0.19982705183386995,0.19941331697985493,0.20024078668788498,,,,,,,,,0.6917354497354498,0.005061238378778683,0.0035788359788360142,0.6847209312169311,0.6987499682539684,0.6917354497354498,0.6899460317460318,0.6935248677248678,0.799450505284739,0.026639331716323492,0.01883685210289021,0.7625302751630743,0.8363707354064038,0.799450505284739,0.790032079233294,0.8088689313361841,-0.15802553029755254,0.05114586462071478,0.036165587702956546,-0.22891008219534736,-0.08714097839975771,-0.15802553029755254,-0.17610832414903083,-0.13994273644607427,0.6837501534489037,0.0023892544772085803,0.0016894580428145065,0.6804388156849872,0.6870614912128201,0.6837501534489037,0.6829054244274964,0.684594882470311,9.03234362500001,0.6426104516173775,0.4543942079999974,8.141730977320016,9.922956272680004,9.03234362500001,8.805146521000012,9.25954072900001
S7_strong_death_competing_inst30,cs_gbsa_all_safe_cif,Gradient Boosting Survival,all_safe,2,0,0,0.0,0.0,0.0764654222928237,0.0025775727100896856,0.0018226191423058036,0.07289308877390432,0.08003775581174308,0.0764654222928237,0.0755541127216708,0.0773767318639766,0.09388596751503775,0.003222581333236262,0.002278709113656546,0.08941969765227092,0.09835223737780457,0.09388596751503775,0.09274661295820948,0.09502532207186602,0.8104142072031563,0.0016247283626862625,0.0011488564428415726,0.8081624485751868,0.8126659658311257,0.8104142072031563,0.8098397789817355,0.810988635424577,0.1990716317530348,0.001934488448858929,0.0013678899003151943,0.19639056754841702,0.20175269595765258,0.1990716317530348,0.19838768680287722,0.19975557670319238,0.21924767074424112,0.001029899926869424,0.000728249222232899,0.21782030226866464,0.2206750392198176,0.21924767074424112,0.21888354613312466,0.21961179535535755,,,,,,,,,0.6578772486772486,0.01928119316149724,0.013633862433862385,0.6311548783068783,0.6845996190476189,0.6578772486772486,0.6510603174603175,0.6646941798941799,2.0760366639988908,0.14410076364566474,0.10189462714800945,1.8763231947887922,2.275750133208989,2.0760366639988908,2.025089350424886,2.126983977572895,0.8126603059314192,0.12848970140496854,0.09085593917608792,0.6345826651462869,0.9907379467165516,0.8126603059314192,0.7672323363433753,0.8580882755194632,0.6746353674033119,0.024369420783552757,0.017231782689638542,0.6408610733316203,0.7084096614750034,0.6746353674033119,0.6660194760584925,0.6832512587481312,16.07195360449998,0.061526156526092515,0.04350556249994497,15.986682702000088,16.157224506999874,16.07195360449998,16.05020082325001,16.093706385749954
S7_strong_death_competing_inst30,cs_gbsa_dgm_cif,Gradient Boosting Survival,dgm,2,0,0,0.0,0.0,0.07798694723604295,0.0005334643478233417,0.00037721625786714397,0.07724760337062335,0.07872629110146255,0.07798694723604295,0.07779833910710937,0.07817555536497653,0.09656759857122355,0.0008295756113976433,0.0005865985403262497,0.0954178654321841,0.09771733171026299,0.09656759857122355,0.09627429930106042,0.09686089784138667,0.802506551509621,0.018284671830412484,0.012929215443055309,0.7771652892412326,0.8278478137780094,0.802506551509621,0.7960419437880935,0.8089711592311487,0.19984638886140255,0.0018573454718171596,0.001313341578128041,0.1972722393682716,0.2024205383545335,0.19984638886140255,0.19918971807233854,0.20050305965046655,0.21978741876125416,0.0012584926871962532,0.0008898887131901512,0.21804323688340146,0.22153160063910685,0.21978741876125416,0.2193424744046591,0.22023236311784922,,,,,,,,,0.6519142857142857,0.019875312509922843,0.014053968253968261,0.6243685079365079,0.6794600634920634,0.6519142857142857,0.6448873015873016,0.6589412698412699,2.040909866900555,0.0641186744318783,0.045338749491473644,1.9520459178972667,2.1297738159038433,2.040909866900555,2.0182404921548183,2.063579241646292,0.7865465360951619,0.07178462543703439,0.05075939543146334,0.6870581210494937,0.8860349511408301,0.7865465360951619,0.7611668383794302,0.8119262338108936,0.6716448398451598,0.025072018599637737,0.01772859436983909,0.6368967948802752,0.7063928848100444,0.6716448398451598,0.6627805426602402,0.6805091370300793,9.729934895999975,0.09438829576491543,0.06674260400001318,9.599119392159949,9.86075039984,9.729934895999975,9.696563593999969,9.763306197999983
S7_strong_death_competing_inst30,cs_rsf_all_safe_cif,Random Survival Forest,all_safe,2,0,0,0.0,0.0,0.0614442512948054,0.0017429110243520156,0.001232424204324102,0.05902869985433016,0.06385980273528064,0.0614442512948054,0.060828039192643346,0.062060463396967455,0.0777172326695284,0.0010548282294744762,0.0007458761940484017,0.07625531532919354,0.07917915000986327,0.0777172326695284,0.07734429457250419,0.0780901707665526,0.8426693860752827,0.005159784988591018,0.003648518954897261,0.8355182889236841,0.8498204832268814,0.8426693860752827,0.8408451265978341,0.8444936455527314,0.1963123723264239,0.0010652685916790496,0.0007532586449612994,0.19483598538229976,0.19778875927054804,0.1963123723264239,0.19593574300394323,0.19668900164890454,0.20678649644192115,0.0006551449549401681,0.000463257440298348,0.20587851185893638,0.20769448102490592,0.20678649644192115,0.20655486772177198,0.20701812516207033,,,,,,,,,0.6612433862433862,0.004580854724258157,0.0032391534391533745,0.6548946455026455,0.6675921269841268,0.6612433862433862,0.6596238095238095,0.6628629629629629,1.0165366841776622,0.017466114479741467,0.012350407989605738,0.9923298845180349,1.0407434838372895,1.0165366841776622,1.0103614801828593,1.022711888172465,-0.1426558627802754,0.003812234080002316,0.0026956565694400965,-0.14793934965637798,-0.1373723759041728,-0.1426558627802754,-0.14400369106499544,-0.14130803449555535,0.6744637148712188,0.012498134893611337,0.008837515935456786,0.6571421836377235,0.6917852461047141,0.6744637148712188,0.6700449569034904,0.6788824728389472,7.717983354500063,0.14961763670610947,0.1057956454999953,7.5106238893200725,7.925342819680054,7.717983354500063,7.665085531750066,7.770881177250061
S7_strong_death_competing_inst30,cs_rsf_dgm_cif,Random Survival Forest,dgm,2,0,0,0.0,0.0,0.0511007651481364,0.0012786614540376874,0.0009041501849918997,0.049328630785552274,0.05287289951072052,0.0511007651481364,0.050648690055640454,0.05155284024063235,0.06521198063198895,0.001947543085568903,0.0013771209224587438,0.06251282362396982,0.06791113764000808,0.06521198063198895,0.06452342017075957,0.06590054109321833,0.896412449961089,0.003437521005756985,0.002430694413641965,0.8916482889103508,0.9011766110118273,0.896412449961089,0.895197102754268,0.8976277971679101,0.19465398152520755,0.0016397452628279395,0.0011594749947641536,0.1923814105354698,0.19692655251494529,0.19465398152520755,0.19407424402782547,0.19523371902258962,0.20461680671385712,0.00018841657822611565,0.00013323064015165195,0.20435567465915988,0.20487793876855437,0.20461680671385712,0.2045501913937813,0.20468342203393297,,,,,,,,,0.6671142857142858,0.008899818048077098,0.0062931216931217384,0.6547797671957671,0.6794488042328044,0.6671142857142858,0.6639677248677248,0.6702608465608466,1.110792027890189,0.09376986951010348,0.06630531060157185,0.9808336191111082,1.2407504366692699,1.110792027890189,1.0776393725894031,1.143944683190975,-0.0186610373449568,0.07713676562855988,0.05454393005475209,-0.1255671402522709,0.08824506556235728,-0.0186610373449568,-0.04593300237233285,0.00861092768241925,0.6827933697109616,0.016623000599660244,0.011754236447687803,0.6597550662734936,0.7058316731484297,0.6827933697109616,0.6769162514871176,0.6886704879348056,2.165580562999992,0.00023107683924447617,0.00016339600000492283,2.1652603068399823,2.1659008191600013,2.165580562999992,2.1654988649999893,2.1656622609999943
S7_strong_death_competing_inst30,deephit_competing_risk_all_safe_reduced_optional,DeepHit optional,all_safe_reduced,0,0,2,0.0,1.0,,,,,,,,,,,,,,,,,,,,,,,,,,,,,,,,,,,,,,,,,,,,,,,,,,,,,,,,,,,,,,,,,,,,,,,,,,,,,,,,,,,,,,,,
S7_strong_death_competing_inst30,deephit_competing_risk_dgm_optional,DeepHit optional,dgm,0,0,2,0.0,1.0,,,,,,,,,,,,,,,,,,,,,,,,,,,,,,,,,,,,,,,,,,,,,,,,,,,,,,,,,,,,,,,,,,,,,,,,,,,,,,,,,,,,,,,,
S7_strong_death_competing_inst30,deepsurv_all_safe_cause_specific_optional,DeepSurv optional,all_safe,0,0,2,0.0,1.0,,,,,,,,,,,,,,,,,,,,,,,,,,,,,,,,,,,,,,,,,,,,,,,,,,,,,,,,,,,,,,,,,,,,,,,,,,,,,,,,,,,,,,,,
S7_strong_death_competing_inst30,deepsurv_dgm_cause_specific_optional,DeepSurv optional,dgm,0,0,2,0.0,1.0,,,,,,,,,,,,,,,,,,,,,,,,,,,,,,,,,,,,,,,,,,,,,,,,,,,,,,,,,,,,,,,,,,,,,,,,,,,,,,,,,,,,,,,,
S7_strong_death_competing_inst30,finegray_all_safe_reduced_R,Fine-Gray,all_safe_reduced,2,0,0,0.0,0.0,0.04880843633328235,0.0049001571618241015,0.0034649343580056484,0.04201716499159128,0.05559970767497342,0.04880843633328235,0.04707596915427953,0.05054090351228517,0.0633285423811146,0.005903098405951349,0.0041741209128596975,0.05514726539190959,0.07150981937031961,0.0633285423811146,0.061241481924684746,0.06541560283754444,0.8919129155168514,0.023678878334976915,0.016743495441553402,0.8590956644514067,0.924730166582296,0.8919129155168514,0.8835411677960747,0.900284663237628,0.19332721485526716,0.002043833413452134,0.0014452084662676527,0.19049460626138257,0.19615982344915175,0.19332721485526716,0.19260461062213333,0.19404981908840097,0.2047693040500362,0.0017790749690451892,0.0012579959748511003,0.20230363193932804,0.20723497616074438,0.2047693040500362,0.20414030606261066,0.20539830203746176,,,,,,,,,0.6734074074074075,0.011580089466288837,0.008188359788359745,0.6573582222222224,0.6894565925925925,0.6734074074074075,0.6693132275132276,0.6775015873015873,0.9358610761453392,0.03865504820530435,0.027333246713063586,0.8822879125877345,0.9894342397029439,0.9358610761453392,0.9221944527888074,0.949527699501871,-0.06992170397461385,0.032020870237497744,0.022642174484429147,-0.11430036596409499,-0.02554304198513272,-0.06992170397461385,-0.08124279121682842,-0.058600616732399274,0.6710482155859531,0.026731782709568847,0.01890222482714143,0.6339998549247559,0.7080965762471503,0.6710482155859531,0.6615971031723824,0.6804993279995237,4.9984694590000345,0.010707010880704713,0.00757099999998445,4.983630299000065,5.013308619000004,4.9984694590000345,4.994683959000042,5.002254959000027
S7_strong_death_competing_inst30,finegray_dgm_cif_R,Fine-Gray,dgm,2,0,0,0.0,0.0,0.0388061207099991,0.0008434957171002522,0.000596441541463398,0.03763709528873084,0.03997514613126736,0.0388061207099991,0.0385078999392674,0.0391043414807308,0.05651055612151435,0.0004503485384768765,0.0003184445054544502,0.05588640489082363,0.05713470735220507,0.05651055612151435,0.05635133386878713,0.05666977837424157,0.9361510134004506,0.006233270354598674,0.004407587736705798,0.9275121414365072,0.944789885364394,0.9361510134004506,0.9339472195320977,0.9383548072688035,0.1937189716138592,0.0017686908936799673,0.0012506533247439997,0.19126769109736097,0.19617025213035744,0.1937189716138592,0.1930936449514872,0.1943442982762312,0.20212125499235925,0.0007055932125959,0.0004989297453857622,0.20114335269140315,0.20309915729331535,0.20212125499235925,0.20187179011966638,0.20237071986505212,,,,,,,,,0.6726042328042328,0.009875550580000022,0.006983068783068758,0.6589174179894179,0.6862910476190476,0.6726042328042328,0.6691126984126984,0.6760957671957671,0.8840982508988477,0.031645505388871835,0.022376751454546706,0.8402398180479362,0.9279566837497593,0.8840982508988477,0.8729098751715744,0.895286626626121,-0.11340632201054104,0.03661538406633543,0.025890986369055645,-0.16415265529389012,-0.06265998872719197,-0.11340632201054104,-0.12635181519506888,-0.10046082882601323,0.6791180274693924,0.020248045643367508,0.014317530380199894,0.6510556679242007,0.7071803870145842,0.6791180274693924,0.6719592622792925,0.6862767926594924,6.8446970414999555,0.7953722103417181,0.5624130834999619,5.74236739784003,7.947026685159881,6.8446970414999555,6.563490499749975,7.1259035832499364
