scenario_id,model,n_successful_reps,n_failed_reps,failure_rate,cindex_mean,cindex_sd,cindex_se,cindex_ci95_low,cindex_ci95_high,cindex_median,cindex_p25,cindex_p75,spearman_true_lp_mean,spearman_true_lp_sd,spearman_true_lp_se,spearman_true_lp_ci95_low,spearman_true_lp_ci95_high,spearman_true_lp_median,spearman_true_lp_p25,spearman_true_lp_p75,spearman_true_risk5_mean,spearman_true_risk5_sd,spearman_true_risk5_se,spearman_true_risk5_ci95_low,spearman_true_risk5_ci95_high,spearman_true_risk5_median,spearman_true_risk5_p25,spearman_true_risk5_p75,risk5_mae_vs_true_risk_mean,risk5_mae_vs_true_risk_sd,risk5_mae_vs_true_risk_se,risk5_mae_vs_true_risk_ci95_low,risk5_mae_vs_true_risk_ci95_high,risk5_mae_vs_true_risk_median,risk5_mae_vs_true_risk_p25,risk5_mae_vs_true_risk_p75,risk5_rmse_vs_true_risk_mean,risk5_rmse_vs_true_risk_sd,risk5_rmse_vs_true_risk_se,risk5_rmse_vs_true_risk_ci95_low,risk5_rmse_vs_true_risk_ci95_high,risk5_rmse_vs_true_risk_median,risk5_rmse_vs_true_risk_p25,risk5_rmse_vs_true_risk_p75,risk5_naive_brier_mean,risk5_naive_brier_sd,risk5_naive_brier_se,risk5_naive_brier_ci95_low,risk5_naive_brier_ci95_high,risk5_naive_brier_median,risk5_naive_brier_p25,risk5_naive_brier_p75,risk5_calibration_slope_mean,risk5_calibration_slope_sd,risk5_calibration_slope_se,risk5_calibration_slope_ci95_low,risk5_calibration_slope_ci95_high,risk5_calibration_slope_median,risk5_calibration_slope_p25,risk5_calibration_slope_p75,runtime_sec_mean,runtime_sec_sd,runtime_sec_se,runtime_sec_ci95_low,runtime_sec_ci95_high,runtime_sec_median,runtime_sec_p25,runtime_sec_p75
S0_linear_PH_inst30,cox_dgm_features,50,0,0.0,0.6968004277571765,0.011902617154387812,0.00168328426074699,0.6935011906061125,0.7000996649082406,0.698529743151989,0.69022764718001,0.7044269232361234,0.9650866206956894,0.006148854326374992,0.0008695793181415994,0.9633822452321319,0.9667909961592469,0.9658972168432076,0.961864520828676,0.9688331408147294,0.930086358698522,0.010790344231650697,0.0015259851155074709,0.9270954278721273,0.9330772895249166,0.9303468899319511,0.92268299497022,0.9374697366532163,0.08581085698025985,0.005557965679473568,0.0007860150443115715,0.08427026749340917,0.08735144646711053,0.08660548650671196,0.08236692205262255,0.08887943487198575,0.12883736124980302,0.00784381552530694,0.001109283029664172,0.12666316651166123,0.1310115559879448,0.12955811112020332,0.12350756111754274,0.1336717268106137,0.2046764250570303,0.004000776871020933,0.0005657952911026397,0.20356746628646913,0.20578538382759146,0.20390987424749002,0.20219655206164122,0.20733523995742517,0.609022096861722,0.05826153925724228,0.008239425898232452,0.5928728221011864,0.6251713716222577,0.6175421913429858,0.5693863841213624,0.6410814935468189,0.2202432982599997,0.019963607025802264,0.0028232803809776367,0.21470966871328354,0.22577692780671585,0.23016483350000527,0.19740747899999533,0.23282905200000314
S0_linear_PH_inst30,oracle_true_lp_not_a_model,50,0,0.0,0.7041759180368307,0.011561663897123448,0.0016350661886911353,0.700971188306996,0.7073806477666653,0.7041012820936358,0.6973162093090663,0.711370881815103,1.0,0.0,0.0,1.0,1.0,1.0,1.0,1.0,0.9639965161546926,0.0038723117550313524,0.00054762758017021,0.962923166097559,0.9650698662118262,0.9640864942606642,0.9615564982217013,0.9660825571402634,0.0,0.0,0.0,0.0,0.0,0.0,0.0,0.0,0.0,0.0,0.0,0.0,0.0,0.0,0.0,0.0,0.18868349985087707,0.0025125611657374814,0.00035532980768779,0.187987053427809,0.18937994627394514,0.1884450177608481,0.18729218923351887,0.18989175699445374,1.032609618500741,0.07362033694786493,0.010411487897814766,1.012203102221024,1.0530161347804579,1.0348487563340087,0.9979410947949576,1.0742284147125336,0.00010648499999973637,2.7803518537759505e-05,3.932011299779126e-06,9.877825785216929e-05,0.00011419174214730346,9.843750000015916e-05,9.61665000005496e-05,0.0001003647500006366
S0_linear_PH_inst30,penalised_cox_all_safe_predictors,50,0,0.0,0.6884690468701143,0.011867475009225702,0.001678314410917076,0.6851795506247169,0.6917585431155118,0.6894363071069851,0.6821144512667704,0.6962906634796194,0.9254686653093382,0.008927913880674347,0.0012625976893748672,0.9229939738381635,0.927943356780513,0.9251361338382817,0.9194776228789436,0.9330620529164682,0.9015219255919724,0.010692397634028013,0.001512133374832841,0.8985581441773001,0.9044857070066448,0.903457276203234,0.8936904514179784,0.9102409672182077,0.09271241582233426,0.005524692014840146,0.0007813094375321275,0.0911810493247713,0.09424378231989723,0.0929594414387471,0.08885656438810732,0.09604369160597673,0.13185247182772025,0.007159758402844807,0.0010125427436617855,0.12986788805014315,0.13383705560529735,0.13226648602868968,0.1269561321408129,0.1361861806468474,0.2057823496465395,0.003682249015649919,0.0005207486497967094,0.20476168229293795,0.20680301700014103,0.20512955792681725,0.20310211081442822,0.20808295582650543,0.6047759814284578,0.05302647067541439,0.007499075399395024,0.5900777936456435,0.6194741692112721,0.6077573387595142,0.5642208422042598,0.6474926185297156,0.9437355325400009,0.06473750999375119,0.009155266462742671,0.9257912102730252,0.9616798548069765,0.9169373539999981,0.9091741980000041,0.9365611255000061
S0_linear_PH_inst30,xgb_survival_cox_strict,50,0,0.0,0.684827596083545,0.01175906691423097,0.0016629831910958178,0.6815681490289972,0.6880870431380929,0.6849156206907043,0.67716549881771,0.6926608405558237,0.904087112655755,0.009951803196045352,0.001407397504991525,0.9013286135459716,0.9068456117655385,0.9054219099652934,0.8958178061412473,0.9113168396963733,0.8971999895160079,0.011790745406941975,0.0016674632064985618,0.8939317616312707,0.900468217400745,0.897936921749743,0.8887332376592167,0.9057896834620816,,,,,,,,,,,,,,,,,,,,,,,,,,,,,,,,,0.4074000359400001,0.010008042509264776,0.0014153509449408707,0.404625948087916,0.41017412379208423,0.4051738955000026,0.40209018750000425,0.40847737550000396
S1_linear_PH_inst15,cox_dgm_features,50,0,0.0,0.6919187197553369,0.013984373215019106,0.001977689026196706,0.6880424492639914,0.6957949902466825,0.6934564638119884,0.6876210848338429,0.698757532488663,0.9454533356669509,0.011938174688800486,0.001688312855488085,0.9421442424701942,0.9487624288637075,0.9454568682030526,0.9359372621943389,0.9544505930891526,0.9179852362547216,0.014634281184192773,0.002069599892626682,0.9139288204651733,0.9220416520442699,0.9186330584672526,0.9079591190929419,0.9297533876523332,0.054242784432009514,0.004130832676021828,0.0005841879594324015,0.05309777603152201,0.05538779283249702,0.05456852691477236,0.05114970121780934,0.057077115197491216,0.09063248476244032,0.007624194562320751,0.001078223935220521,0.0885191658494081,0.09274580367547254,0.0902070864059118,0.08572929820406702,0.09634728995432218,0.128283444615562,0.002801959014822324,0.00039625684399752865,0.12750678120132683,0.12906010802979714,0.12794644388635779,0.12626406133627682,0.12998199447669975,0.6519454239532547,0.08709926036220088,0.012317695527688981,0.6278027407189843,0.6760881071875251,0.6632526533536816,0.5819963838170091,0.7048482846339421,0.16964208420000004,0.0157424990640725,0.0022263255682057085,0.16527848608631684,0.17400568231368324,0.17401812549998397,0.15105062499998922,0.17709747900000394
S1_linear_PH_inst15,oracle_true_lp_not_a_model,50,0,0.0,0.7042872063163241,0.015755206205889806,0.0022281226294354117,0.6999200859626308,0.7086543266700175,0.7059071254000315,0.6967099350192493,0.7149156383136174,1.0,0.0,0.0,1.0,1.0,1.0,1.0,1.0,0.9706242948704156,0.0029222170793653775,0.00041326390258368117,0.9698142976213515,0.9714342921194796,0.9705503206759396,0.9684290241906774,0.9727795301242357,0.0,0.0,0.0,0.0,0.0,0.0,0.0,0.0,0.0,0.0,0.0,0.0,0.0,0.0,0.0,0.0,0.12001670177730756,0.0016715040772718602,0.00023638637356397906,0.11955338448512215,0.12048001906949296,0.11989847250052404,0.11890259291917762,0.12067964479651534,1.0055092732604987,0.11555556061309691,0.01634202410266679,0.9734789060192718,1.0375396405017256,1.0144105435043795,0.9263400718233274,1.0834055290011944,0.0001034508199974482,3.3364202746586265e-05,4.7184108021987965e-06,9.420273482513857e-05,0.00011269890516975784,9.456199998680859e-05,9.258350000607152e-05,9.635424999743236e-05
S1_linear_PH_inst15,penalised_cox_all_safe_predictors,50,0,0.0,0.6845830600064496,0.01351826493881775,0.0019117713616228758,0.6808359881376688,0.6883301318752305,0.686823541783549,0.676480704154328,0.6961317519856977,0.8990027571904643,0.01317989285826636,0.001863918323078458,0.8953494772772305,0.9026560371036981,0.9018182532525572,0.8884698553199357,0.9073253045890243,0.8879520737135898,0.013737795275838172,0.0019428176396195378,0.8841441511399355,0.891759996287244,0.8890736786994128,0.8772979401324179,0.8989316196801117,0.05556851864828512,0.0037430561470716646,0.000529348076791273,0.05453099641777422,0.05660604087879601,0.0554230648477701,0.05370171144729011,0.058157703938517366,0.08505786612888451,0.006574944052987207,0.0009298375051578833,0.08323538461877505,0.08688034763899397,0.08551037949462882,0.08043523525146296,0.0903110238342014,0.127133304143789,0.002506163801867956,0.00035442508381301817,0.1264386309795155,0.12782797730806253,0.1269613976150963,0.12526049981071108,0.12918665636424487,0.6929551668631012,0.08483736114804388,0.011997814673150795,0.6694394501037256,0.7164708836224768,0.6953625460174331,0.6245218342469353,0.7558640797310922,0.7662804734000014,0.04703151878176058,0.006651261172017075,0.7532440015028479,0.7793169452971549,0.7454264789999954,0.7391538437500103,0.7698508125000103
S1_linear_PH_inst15,xgb_survival_cox_strict,50,0,0.0,0.6752955386630682,0.01582610266247106,0.002238148902477552,0.6709087668142122,0.6796823105119243,0.675133110823509,0.667060536447259,0.6876917624515833,0.8492335594257842,0.021166842883135476,0.0029934436277950613,0.8433664099153059,0.8551007089362624,0.8505675353633492,0.8353608103825825,0.8622601245600554,0.8481457807479871,0.020559195260711635,0.0029075092769175054,0.8424470625652287,0.8538444989307454,0.8491741747440776,0.833243132996948,0.8655378173201799,,,,,,,,,,,,,,,,,,,,,,,,,,,,,,,,,0.3885878849600013,0.009698312465702172,0.0013715485021128064,0.3858996498958602,0.3912761200241424,0.3864274790000053,0.3815253749999954,0.3934236772499773
S2_linear_PH_inst45,cox_dgm_features,50,0,0.0,0.6933204052885168,0.010967298877376854,0.0015510102814985567,0.6902804251367797,0.6963603854402539,0.6921865560924929,0.6854263762383295,0.6999534681534961,0.9727832860006123,0.005087432845250877,0.0007194716527416134,0.9713731215612387,0.9741934504399858,0.9734129037390684,0.9697750647889177,0.976843923930633,0.9264203558609856,0.008672850581597101,0.0012265262916930006,0.9240163643292673,0.9288243473927039,0.9275951091533821,0.9208253648112733,0.9323087939150196,0.10017106824543787,0.005645246866312927,0.0007983584681283956,0.09860628564790622,0.10173585084296952,0.10046028578665453,0.0954839768807712,0.1039872156833692,0.13846089072812726,0.0069694811533893815,0.0009856334769826943,0.13652904911324118,0.14039273234301333,0.13861903424384925,0.13360676338612015,0.1425571411947575,0.23636676709277918,0.005825301469759669,0.0008238220343446048,0.23475207590546376,0.2379814582800946,0.23594846707156586,0.23327464424926472,0.24000549011401162,0.5120588348657688,0.06600158659221393,0.009334033889685118,0.4937641284419859,0.5303535412895516,0.5152902158364705,0.4590922955110467,0.5454064625884647,0.2592987224800011,0.023821114159388177,0.003368814271504453,0.2526958465078524,0.2659015984521498,0.26873366650001174,0.23290618750000647,0.27218824950001874
S2_linear_PH_inst45,oracle_true_lp_not_a_model,50,0,0.0,0.6992684451098363,0.010423155374673325,0.0014740567693585034,0.6963792938418937,0.702157596377779,0.6976301777729953,0.6928603489568879,0.7064527166415386,1.0,0.0,0.0,1.0,1.0,1.0,1.0,1.0,0.9532274293573244,0.004450512696212917,0.0006293975414497958,0.9519938101760828,0.9544610485385661,0.9528081532480682,0.9495406890617786,0.9559616222051655,0.0,0.0,0.0,0.0,0.0,0.0,0.0,0.0,0.0,0.0,0.0,0.0,0.0,0.0,0.0,0.0,0.217210930027708,0.003388280922359344,0.0004791752833530604,0.216271746472336,0.21815011358308,0.21728207282595233,0.21557692379868354,0.2197682590520324,1.0127733913924626,0.07193554666021632,0.010173222570360052,0.9928338751545569,1.0327129076303683,1.0045763313370113,0.961120636928856,1.044504705504552,9.906913999827793e-05,1.68819429145077e-05,2.3874672628905163e-06,9.438970416301252e-05,0.00010374857583354333,9.516700001199752e-05,9.29372499953729e-05,9.697974999767212e-05
S2_linear_PH_inst45,penalised_cox_all_safe_predictors,50,0,0.0,0.6874475761034237,0.010568724440489317,0.0014946433440723992,0.6845180751490417,0.6903770770578056,0.6870117089210286,0.6799116176389991,0.6937712177980633,0.9402332921550925,0.0069328665425094724,0.0009804553890539562,0.9383115995925468,0.9421549847176383,0.9408445585975816,0.9343515023784457,0.9443541183796083,0.9030239361807207,0.008696756339672752,0.00122990707642194,0.9006133183109337,0.9054345540505078,0.9041550276244568,0.8984649824288812,0.9092360369937942,0.10974124149439338,0.00502991621175664,0.0007113375724266541,0.10834701985243714,0.11113546313634962,0.10967091999531436,0.10646631307638292,0.11367994375319321,0.1451016238681423,0.005917000262451121,0.0008367902019723538,0.14346151507227647,0.1467417326640081,0.14536180195568507,0.1410578003090447,0.14906899358255496,0.2379843049807281,0.005616969124082129,0.0007943593914707871,0.23642736057344535,0.23954124938801083,0.23830560587493949,0.23578704313924567,0.24108641522515056,0.5083672896411602,0.058573936269948744,0.008283605507453886,0.49213142284655054,0.5246031564357698,0.5039828509722918,0.4683283554895955,0.5412657735431258,1.0783810908200038,0.08655371421784756,0.012240543652064501,1.0543896252619573,1.1023725563780502,1.043176979000009,1.0204945099999918,1.0700470309999872
S2_linear_PH_inst45,xgb_survival_cox_strict,50,0,0.0,0.6845077131994094,0.01110507468175658,0.0015704947226106237,0.6814295435430926,0.6875858828557262,0.6854349541083374,0.6777088114979019,0.6913573635331878,0.922322963392607,0.008178422330688582,0.001156603577887477,0.9200560203799475,0.9245899064052665,0.921765113673384,0.9172552352245491,0.9285712624761168,0.9061543877212742,0.007507431907051966,0.00106171120215454,0.9040734337650513,0.9082353416774971,0.9064835762149228,0.9000619689164308,0.9114237781686452,,,,,,,,,,,,,,,,,,,,,,,,,,,,,,,,,0.40393760738000367,0.014229761386272891,0.0020123921541800095,0.39999331875781086,0.4078818960021965,0.40146779149999645,0.3948007810000007,0.40992670850002355
S3_nonlinear_interaction_inst30,cox_dgm_features,50,0,0.0,0.7328802601927343,0.011674613317456742,0.0016510396489008876,0.7296442224808886,0.7361162979045801,0.7313537770444828,0.7236537802425398,0.7400214318685566,0.9509757434736638,0.0052588427550229805,0.0007437126746540991,0.9495180666313418,0.9524334203159858,0.9510012706672315,0.946889477728657,0.9557887083505372,0.92029192718593,0.009784087819478423,0.0013836789689755788,0.9175799164067379,0.9230039379651221,0.9208524537122017,0.9134413570850477,0.9276540371795721,0.0948156995849576,0.00503787724922821,0.0007124634331429395,0.09341927125599744,0.09621212791391776,0.09465462741748623,0.09176638584247854,0.09780114594725964,0.13537246479390633,0.007560615980798959,0.0010692325659940648,0.13327676896455795,0.1374681606232547,0.13470181497254535,0.13144082409655555,0.13852722824464161,0.1940794936467515,0.005709608900831056,0.0008074606343401419,0.19249687080344483,0.19566211649005819,0.19370079219332248,0.191323843253353,0.1978571984493327,0.5969098785216264,0.06610646753352929,0.00934886629464938,0.5785861005841135,0.6152336564591392,0.5861607602563683,0.55104141713809,0.6321057225249547,0.22668336671999953,0.012924284688108837,0.0018277698689894443,0.22310093777678022,0.23026579566321884,0.22984147950000988,0.22859996874998956,0.2308432607500066
S3_nonlinear_interaction_inst30,oracle_true_lp_not_a_model,50,0,0.0,0.744805770885036,0.011702110446944615,0.0016549283302456955,0.7415621113577544,0.7480494304123175,0.7450253194140932,0.7372977056316614,0.7510705053186963,1.0,0.0,0.0,1.0,1.0,1.0,1.0,1.0,0.9812905775154617,0.002137279133414021,0.00030225691370511237,0.9806981539645997,0.9818830010663236,0.981568754475002,0.9802825474457599,0.9827828385701506,0.0,0.0,0.0,0.0,0.0,0.0,0.0,0.0,0.0,0.0,0.0,0.0,0.0,0.0,0.0,0.0,0.17563586208489756,0.004455440812838692,0.0006300944823867085,0.1744008768994196,0.17687084727037553,0.1754209493807783,0.1729281384495309,0.17825662025598735,1.0011395994077403,0.0771290119370982,0.010907689473388061,0.9797605280398998,1.022518670775581,1.0049993326691466,0.9470661861146094,1.043620840703634,0.00010558915999524743,2.32497026347868e-05,3.2880044787256972e-06,9.914467121694506e-05,0.0001120336487735498,9.866650000844857e-05,9.49685000222189e-05,0.00010272874996530845
S3_nonlinear_interaction_inst30,penalised_cox_all_safe_predictors,50,0,0.0,0.7261215664510858,0.011912830359490664,0.001684728626064165,0.722819498344,0.7294236345581716,0.7264069264390192,0.7149024967320654,0.7346893047471115,0.9242270186253415,0.007114959010630973,0.001006207152856298,0.9222548526057431,0.9261991846449399,0.9231481631769616,0.918733241214774,0.9298679074968479,0.9016781518727985,0.010307785945088192,0.001457741068158249,0.8988209793792084,0.9045353243663887,0.9027082234258771,0.8947996474665101,0.9083383637059396,0.09863533318873476,0.004857507103167493,0.0006869552424623113,0.09728890091350863,0.09998176546396088,0.09907747679405712,0.09608568180700428,0.10140904701013816,0.13768939449686415,0.006996381233840087,0.000989437722842926,0.13575009656009202,0.1396286924336363,0.13756465493672487,0.1342054554530281,0.14205486583356525,0.19492874658698942,0.0053551683503000646,0.0007573351709785505,0.19344436965187145,0.19641312352210738,0.19475390537364726,0.19197541119343756,0.1987066481721331,0.6188042671561123,0.061896967315862604,0.008753553064785709,0.6016473031491323,0.6359612311630922,0.6184260747761035,0.5722515652353328,0.6547963285728242,0.9599240441599997,0.08358201926052115,0.011820282520875827,0.936756290419083,0.9830917979009163,0.9119399794999978,0.9024002085000262,1.0761613644999954
S3_nonlinear_interaction_inst30,xgb_survival_cox_strict,50,0,0.0,0.7254260131908804,0.012062006993949728,0.0017058253880282831,0.7220825954303449,0.7287694309514159,0.7255013847520037,0.7171572913090604,0.7341957179094677,0.913751805006881,0.007235041887344064,0.001023189436141941,0.9117463537120428,0.9157572563017192,0.9150552884690173,0.9093081294702798,0.9188533737126107,0.9075795557372471,0.007740081645280136,0.0010946128436630227,0.9054341145636676,0.9097249969108266,0.9092211845427488,0.9027081265369452,0.9126318411697073,,,,,,,,,,,,,,,,,,,,,,,,,,,,,,,,,0.4047395841400032,0.010077524982863774,0.001425177250591964,0.40194623672884294,0.4075329315511635,0.40199214550000306,0.39846196849995863,0.40673987500001374
S4_nonPH_inst30,cox_dgm_features,50,0,0.0,0.6899636769700842,0.01184320854998185,0.0016748826153397329,0.6866809070440183,0.6932464468961501,0.6891354945044583,0.6838260542936626,0.6955408184506842,0.947734955117758,0.010638387342343675,0.001504495166132069,0.944786144592139,0.9506837656433769,0.9486923096410265,0.9393446361531717,0.9550317329029925,0.9141527683095652,0.01468803406912639,0.002077201698515662,0.9100814529804745,0.9182240836386558,0.9146744776331013,0.9055909022417417,0.9228575834922594,0.09159930519626,0.006172996133943133,0.000872993485309906,0.08988823796505259,0.09331037242746741,0.09069927379761822,0.08838789290479522,0.09575343545684362,0.12658437684070867,0.008241712576301652,0.0011655541702586699,0.12429989066700167,0.12886886301441566,0.12717404550590244,0.12190031158504425,0.13015388441394932,0.2088441685420796,0.004084558924536757,0.0005776438627391945,0.20771198657111078,0.20997635051304842,0.2088618152383976,0.20610361421382623,0.2109683748929455,0.5669523514722596,0.05431437998583354,0.007681213280785159,0.5518971734419207,0.5820075295025986,0.562225577345566,0.5345791793721504,0.5965942144119369,0.21778992497999808,0.020014588243547505,0.0028304902139337984,0.21224216416068784,0.22333768579930832,0.2287387289999856,0.19385784399997874,0.2298063334999938
S4_nonPH_inst30,oracle_true_lp_not_a_model,50,0,0.0,0.6956900174098606,0.011488312621900967,0.0016246927518674358,0.6925056196162004,0.6988744152035208,0.6950198015679578,0.6880635169271485,0.7022195632889544,1.0,0.0,0.0,1.0,1.0,1.0,1.0,1.0,0.9740040422044687,0.002745642173632816,0.00038829243993750726,0.9732429890221912,0.9747650953867462,0.9743473379321503,0.9723837415038852,0.976154376957501,0.0,0.0,0.0,0.0,0.0,0.0,0.0,0.0,0.0,0.0,0.0,0.0,0.0,0.0,0.0,0.0,0.19455149405818847,0.003144819796043592,0.0004447446806784238,0.19367979448405875,0.1954231936323182,0.19474152630107774,0.19265870141671404,0.19667674934216808,0.7787080097042895,0.06800269142410362,0.00961703284898399,0.7598586253202809,0.7975573940882982,0.760070424964886,0.735399277323508,0.8210380820391846,0.00010119492000256968,1.5147587621372928e-05,2.1421923851380403e-06,9.699622292769913e-05,0.00010539361707744024,9.735450001358004e-05,9.517725003149735e-05,0.00010031224998385824
S4_nonPH_inst30,penalised_cox_all_safe_predictors,50,0,0.0,0.681783243943903,0.011916992257437963,0.0016853172073163932,0.6784800222175629,0.6850864656702431,0.681356880881993,0.6743862581720405,0.6882647866014521,0.914508274039233,0.011161840387635638,0.0015785226057238083,0.9114143697320143,0.9176021783464516,0.9126217407207737,0.9068508412670406,0.9249138199616979,0.8890872422880379,0.014731566295904427,0.002083358085066642,0.8850038604413073,0.8931706241347686,0.8902178765412786,0.8803677957190204,0.9010197302309911,0.09727609109702914,0.005488199434316096,0.0007761486073018171,0.09575483982671758,0.09879734236734071,0.09668942712771421,0.0944792252050063,0.10093997569343363,0.12920773089349272,0.007019448725458362,0.0009926999587925752,0.12726203897425928,0.13115342281272616,0.12960031850508935,0.1254068639801856,0.13266286699805988,0.20988522648433217,0.003734370958708441,0.0005281198056737694,0.20885011166521159,0.21092034130345275,0.20994240188414903,0.20781692893018708,0.21231749287126744,0.5723352233430805,0.05100050789935535,0.00721256099591845,0.5581986037910803,0.5864718428950807,0.5645195094255728,0.5378879186489753,0.6149518131503982,0.9239817899599978,0.055838957182843506,0.007896821055674784,0.9085040206908752,0.9394595592291204,0.9007091669999738,0.8995848535000022,0.9241315727499853
S4_nonPH_inst30,xgb_survival_cox_strict,50,0,0.0,0.6808183210934915,0.011874548286643805,0.0016793147234025866,0.6775268642356225,0.6841097779513605,0.6813155202220229,0.6727042799439222,0.6869418232347081,0.8929904635868727,0.012697784636010977,0.0017957379244339436,0.8894708172549822,0.8965101099187632,0.8930309817915475,0.8847100678711414,0.9035638984728438,0.8789519323249515,0.015586511595545123,0.002204265608850542,0.8746315717316044,0.8832722929182986,0.8817092505374448,0.8699129172946299,0.8890491312812202,,,,,,,,,,,,,,,,,,,,,,,,,,,,,,,,,0.4022332317199999,0.010241234388541945,0.001448329256771775,0.39939450637672724,0.4050719570632726,0.39953510399996617,0.39655811474999325,0.40524217724998834
S5_MAR_missingness_inst30,cox_dgm_features,50,0,0.0,0.6896704471627737,0.01397578604893219,0.0019764746175224596,0.6857965569124297,0.6935443374131177,0.6907988771808373,0.6814137407202854,0.6987026650150894,0.9572629878679946,0.007668473061979654,0.0010844858606944363,0.9551373955810335,0.9593885801549557,0.9578221359209494,0.9539961831094147,0.9629163737406107,0.9235121287404957,0.013542745701118604,0.001915233464229186,0.9197582711506065,0.9272659863303849,0.9259652044289799,0.9174465979762658,0.9322301112133828,0.08616971224777367,0.006522645837713235,0.0009224414206250475,0.08436172706334857,0.08797769743219877,0.08622262223527957,0.08175711239285316,0.09098626802553027,0.12732101202685922,0.008432223100949343,0.0011924964270318278,0.12498371902987684,0.1296583050238416,0.1281569881022167,0.12020233967530775,0.13294795361224332,0.2071047306601879,0.005158333111804838,0.0007294984645952612,0.20567491366958118,0.2085345476507946,0.20785017247840898,0.2034428330850478,0.21060960546870597,0.5863632714478733,0.0686914015276264,0.009714431165878518,0.5673229863627514,0.6054035565329952,0.5872809364901367,0.5394576026172236,0.6342506771795692,0.2130462200199969,0.019136688134025186,0.0027063363898042693,0.20774180069598053,0.21835063934401328,0.2110758544999953,0.1945318442499655,0.22986832300000515
S5_MAR_missingness_inst30,oracle_true_lp_not_a_model,50,0,0.0,0.699670337648507,0.013236012136070755,0.001871854787456614,0.6960015022650919,0.703339173031922,0.6987516594805123,0.6916364610030634,0.7091893214228049,1.0,0.0,0.0,1.0,1.0,1.0,1.0,1.0,0.9647949520675959,0.0032922293220894157,0.0004655915357741232,0.9638823926574787,0.9657075114777132,0.9644861299938357,0.9627974359099718,0.9671070556031358,0.0,0.0,0.0,0.0,0.0,0.0,0.0,0.0,0.0,0.0,0.0,0.0,0.0,0.0,0.0,0.0,0.18968863470297814,0.003316787813638445,0.00046906463095612946,0.18876926802630412,0.19060800137965217,0.18972178934786949,0.18752970511427747,0.1917836567747497,1.0014171919032346,0.09717320882538746,0.013742366982017588,0.9744821526184801,1.0283522311879891,1.0021902312235436,0.939796104361195,1.0594137880383188,0.0001011000000050899,1.7014932620402455e-05,2.4062748474637536e-06,9.638370130406094e-05,0.00010581629870611886,9.777100001429062e-05,9.55004999667608e-05,0.00010158300004547982
S5_MAR_missingness_inst30,penalised_cox_all_safe_predictors,50,0,0.0,0.6828762418186634,0.013970222073675884,0.001975687752595642,0.6790038938235758,0.6867485898137509,0.6838851793200295,0.6757729033143147,0.689983481509185,0.9178219773431011,0.009900536098719277,0.0014001472425573213,0.9150776887476888,0.9205662659385134,0.9186062909361294,0.91210767738119,0.925593606930492,0.8958220586907406,0.014468014414443935,0.0020460862205516047,0.8918117296984595,0.8998323876830218,0.8967620963387095,0.8875167917852408,0.9059007448447756,0.09257530501719356,0.00656519118130128,0.0009284582408168511,0.09075552686519253,0.0943950831691946,0.09176574998629239,0.08836853594764071,0.0968097658069161,0.1304114646338761,0.008250439252256834,0.0011667883086076952,0.128124559549005,0.13269836971874718,0.1294419568831586,0.12472828351510842,0.13604860143535136,0.20756776840514438,0.004975704088445993,0.0007036708204235581,0.2061885735971142,0.20894696321317455,0.2074045324509476,0.204066408885196,0.21084202344552877,0.5911402669714367,0.06393164404735423,0.009041299807657749,0.5734193193484276,0.6088612145944459,0.5878288226996607,0.5417016134490316,0.6394313879322142,0.9291723440400006,0.0648073322282884,0.009165140817846442,0.9112086680370216,0.9471360200429796,0.9031831459999751,0.9000073755000244,0.9211110100000326
S5_MAR_missingness_inst30,xgb_survival_cox_strict,50,0,0.0,0.67927975101883,0.014344688897158672,0.002028645358638455,0.6753036061158986,0.6832558959217614,0.6821401146183992,0.6689137732505512,0.6896652724133803,0.8969966915167749,0.009663525830244322,0.0013666289289474243,0.8943180988160379,0.8996752842175119,0.8969389550839801,0.8911863400828179,0.9040543662463851,0.8912446826271485,0.012134456990762951,0.0017160713648369979,0.887881182752068,0.8946081825022291,0.8928303790357242,0.8837466506984617,0.9003638321617032,,,,,,,,,,,,,,,,,,,,,,,,,,,,,,,,,0.4012318458399969,0.010522984488244493,0.0014881747379917065,0.39831502335353314,0.4041486683264606,0.39848904199999424,0.394928261000004,0.4022586982499945
S6_highdim_sparseMRI_inst30,cox_dgm_features,50,0,0.0,0.7087519533291068,0.013580084235706275,0.001920513930430488,0.704987746025463,0.7125161606327506,0.7072584414920384,0.6986079237147017,0.7180165148674046,0.9542539199350757,0.006064619474528364,0.0008576667111510005,0.9525728931812197,0.9559349466889316,0.9548588883817282,0.9517459669982076,0.9584122268498787,0.9088632131642213,0.013381142486018016,0.0018923793183773512,0.9051541497002017,0.9125722766282408,0.9102009094226264,0.90407312981028,0.9148845248375667,0.0862008531089623,0.005914979760833701,0.0008365044598933385,0.08456130436757137,0.08784040185035324,0.08462299418072286,0.08246597209905389,0.0902930434604452,0.12441250598100391,0.008448029592083869,0.0011947318024454253,0.12207083164821088,0.12675418031379695,0.1238781712514849,0.119690750832524,0.12984851595054916,0.19549838795495714,0.005125619184707568,0.0007248720166573169,0.1940776388023088,0.19691913710760547,0.1954074676078016,0.19309157344469882,0.19865947458708305,0.6678958058862152,0.07231204055043366,0.01022646684692965,0.6478519308662332,0.6879396809061973,0.6663026065635147,0.6259269566337906,0.6967030373773676,0.22588273753999288,0.018357723588958565,0.0025961741673801693,0.22079423617192775,0.230971238908058,0.22962129149999555,0.2286577915000123,0.23109118749997037
S6_highdim_sparseMRI_inst30,oracle_true_lp_not_a_model,50,0,0.0,0.7188256441471452,0.01283450123037918,0.001815072570629641,0.7152681019087112,0.7223831863855793,0.7161125206227752,0.7111192131143923,0.7292836224798331,1.0,0.0,0.0,1.0,1.0,1.0,1.0,1.0,0.9597996829147715,0.00437725799573029,0.0006190377623567847,0.9585863689005522,0.9610129969289908,0.9596643198508089,0.9561506382891727,0.9623503334890372,0.0,0.0,0.0,0.0,0.0,0.0,0.0,0.0,0.0,0.0,0.0,0.0,0.0,0.0,0.0,0.0,0.17963914626204486,0.004085940764711352,0.0005778392844507889,0.17850658126452132,0.1807717112595684,0.180065324128596,0.1769813971316612,0.1822868876322747,0.9791114928160645,0.07805756388687092,0.011039006549461718,0.9574750399791195,1.0007479456530095,0.9667650303884293,0.9121065156986892,1.0272490468717137,0.00010200659999327319,1.7007731115925554e-05,2.4052564009336813e-06,9.729229744744317e-05,0.00010672090253910321,9.749949998649754e-05,9.605225000086648e-05,0.00010018724995575212
S6_highdim_sparseMRI_inst30,penalised_cox_all_safe_predictors,50,0,0.0,0.709706888985762,0.012792021264625449,0.001809064996259834,0.7061611215930926,0.7132526563784313,0.7096322475296694,0.6995748617710181,0.7167225038327738,0.9577221305431692,0.005405132562602941,0.0007644011776457521,0.9562239042349836,0.9592203568513549,0.957841643485175,0.9538069128030726,0.9612236307660582,0.9262064202682554,0.01116782790168532,0.0015793693680812044,0.9231108563068162,0.9293019842296946,0.9277236247660556,0.9205469966875541,0.932693700752756,0.0850853203333022,0.005697607917750549,0.0008057634390367155,0.08350602399279024,0.08666461667381416,0.08447176082210797,0.08142625467867474,0.08812527877648753,0.12284851713451507,0.00794485244967966,0.0011235718085390084,0.12064631638977862,0.12505071787925154,0.12126285695274991,0.11810305968285521,0.12841227961946905,0.1949400124188429,0.005187485586608539,0.0007336212471196746,0.19350211477448834,0.19637791006319746,0.19495045373701403,0.19181062411081878,0.19765347952805945,0.6448555676342367,0.06766900835561615,0.009569842936885065,0.626098675477942,0.6636124597905314,0.6333579321985068,0.5980203261108799,0.6794250608802831,0.950410957559994,0.07764319049697219,0.010980405302673588,0.9288893631667539,0.9719325519532342,0.9047523125000225,0.9013374689999694,0.9298324894999155
S6_highdim_sparseMRI_inst30,xgb_survival_cox_strict,50,0,0.0,0.7089227896057975,0.012776807540367087,0.001806913450741796,0.7053812392423435,0.7124643399692514,0.7073193794335608,0.6985861153222401,0.7186441563066537,0.9486951692334087,0.0061688870055707735,0.0008724123668025338,0.9469852409944757,0.9504050974723417,0.9492155543180243,0.9438716292762799,0.9521660365182385,0.9300110280748061,0.009436370074429426,0.0013345042538829707,0.9273953997371954,0.9326266564124167,0.9311906449736201,0.9272885614615829,0.9356803554134914,,,,,,,,,,,,,,,,,,,,,,,,,,,,,,,,,0.4022360024599905,0.008950470207102964,0.0012657876356501336,0.39975505869411626,0.4047169462258648,0.40004014550004285,0.39636989550000123,0.4056981142499865
S7_strong_death_competing_inst30,cox_dgm_features,50,0,0.0,0.6925469155600072,0.010838396595106036,0.001532780745917733,0.6895426652980085,0.695551165822006,0.6909654075500968,0.6847139688563819,0.6995556129191809,0.9652442523746483,0.006930594509380532,0.0009801340750474454,0.9633231895875553,0.9671653151617413,0.965203447645977,0.9618933803970581,0.9688929470635321,0.9020232542293262,0.013482631806973134,0.0019067320757904275,0.8982860593607769,0.9057604490978755,0.9012059009804004,0.8936757420781076,0.9124713219872542,0.10668383680653268,0.007920347769175605,0.0011201063233879627,0.10448842841269228,0.10887924520037308,0.10665523631696797,0.10089062801737303,0.11263480471751361,0.15457623634288267,0.00974536616099753,0.001378202899517453,0.15187495865982847,0.15727751402593687,0.15472342653620066,0.14632606392663636,0.16297050902189628,0.21547864688922339,0.004500147580679788,0.0006364169741277828,0.21423126961993294,0.21672602415851383,0.21573721087362424,0.21259840364981558,0.21886820858341494,0.5226051204195997,0.061357907624902126,0.008677318512197212,0.5055975761356932,0.5396126647035062,0.5322936180382551,0.47662764822462145,0.5734284505907283,0.2146289892199971,0.020467614944064464,0.00289455786433262,0.20895565580590517,0.22030232263408903,0.22831441649998396,0.1943839585000262,0.23052784399999382
S7_strong_death_competing_inst30,oracle_true_lp_not_a_model,50,0,0.0,0.7002662071046466,0.010205246711712567,0.0014432398307067343,0.6974374570364614,0.7030949571728318,0.6994975276837971,0.6934421550439615,0.7048295577599981,1.0,0.0,0.0,1.0,1.0,1.0,1.0,1.0,0.9358238416068653,0.00543840660636545,0.0007691068380421457,0.9343163922043026,0.9373312910094279,0.9363939663973184,0.9316550051800023,0.9398117528052236,0.0,0.0,0.0,0.0,0.0,0.0,0.0,0.0,0.0,0.0,0.0,0.0,0.0,0.0,0.0,0.0,0.19127166534165022,0.002506187969715395,0.0003544285016627803,0.19057698547839116,0.19196634520490927,0.19139848704611462,0.18938435693103345,0.19245080157994016,1.020005109111316,0.08071987660344433,0.011415514424567366,0.997630700839164,1.042379517383468,1.0135315321427525,0.969409549482705,1.0718402656076558,0.00010814244000869167,3.5202985547141665e-05,4.978453959679179e-06,9.838467024772048e-05,0.00011790020976966285,9.829149996676279e-05,9.430200003635036e-05,0.00010221900006968099
S7_strong_death_competing_inst30,penalised_cox_all_safe_predictors,50,0,0.0,0.6856061416599745,0.010944206120828026,0.0015477444725481633,0.6825725624937801,0.6886397208261689,0.6844368163026777,0.6787628422122012,0.6943890819589752,0.9252217686662806,0.009434199247803891,0.0013341972526374314,0.9226067420511113,0.9278367952814499,0.9254578637590507,0.9189749826555479,0.9308405603735825,0.8780915858141963,0.014375142622270378,0.0020329521657462307,0.8741069995693337,0.882076172059059,0.8779010639560285,0.8712899339066373,0.8862345647456138,0.1117467158087154,0.00707704487352485,0.0010008452841661828,0.10978505905174968,0.11370837256568112,0.11066803088110196,0.10629374938015286,0.11713514791728083,0.15538584668465488,0.008774877593422542,0.0012409550900781944,0.15295357470810161,0.15781811866120815,0.15400713765305424,0.14851181447362527,0.16125489578405416,0.21540969039379315,0.004797959344893446,0.0006785339177263042,0.2140797639150496,0.2167396168725367,0.21579641300246563,0.2121117103564053,0.2191503748278663,0.5317118103358784,0.06345644696200846,0.008974096791368135,0.5141225806247969,0.54930104004696,0.5332276721695361,0.4927268545766474,0.5695595041640696,0.9332081308399987,0.06336330849370467,0.008960925022862746,0.9156447177951876,0.9507715438848097,0.9048876869999845,0.9003244275000668,0.9238829797500046
S7_strong_death_competing_inst30,xgb_survival_cox_strict,50,0,0.0,0.6807706766918549,0.01158654993756817,0.0016385856062822045,0.6775590489035418,0.683982304480168,0.6800338144611819,0.6733164218268142,0.6878615356831571,0.9017119317798408,0.007916817502783174,0.0011196070683268662,0.8995175019259201,0.9039063616337615,0.9028539372684166,0.8971692662974518,0.9077727769488007,0.8753951974313268,0.011466073999495398,0.0016215477357259909,0.8722169638693038,0.8785734309933497,0.877287530740077,0.8684050312911251,0.8820095795598132,,,,,,,,,,,,,,,,,,,,,,,,,,,,,,,,,0.4020445116800005,0.010005522041398268,0.0014149944969568365,0.3992711224659651,0.4048179008940359,0.39941293750001705,0.39589016625006934,0.4032736457499766
