scenario_id,model,n_successful_reps,n_failed_reps,failure_rate,risk5_mae_vs_true_risk_mean,risk5_mae_vs_true_risk_sd,risk5_mae_vs_true_risk_se,risk5_mae_vs_true_risk_ci_low,risk5_mae_vs_true_risk_ci_high,risk5_mae_vs_true_risk_median,risk5_mae_vs_true_risk_p25,risk5_mae_vs_true_risk_p75,risk5_rmse_vs_true_risk_mean,risk5_rmse_vs_true_risk_sd,risk5_rmse_vs_true_risk_se,risk5_rmse_vs_true_risk_ci_low,risk5_rmse_vs_true_risk_ci_high,risk5_rmse_vs_true_risk_median,risk5_rmse_vs_true_risk_p25,risk5_rmse_vs_true_risk_p75,risk5_spearman_with_true_risk_mean,risk5_spearman_with_true_risk_sd,risk5_spearman_with_true_risk_se,risk5_spearman_with_true_risk_ci_low,risk5_spearman_with_true_risk_ci_high,risk5_spearman_with_true_risk_median,risk5_spearman_with_true_risk_p25,risk5_spearman_with_true_risk_p75,risk5_pearson_with_true_risk_mean,risk5_pearson_with_true_risk_sd,risk5_pearson_with_true_risk_se,risk5_pearson_with_true_risk_ci_low,risk5_pearson_with_true_risk_ci_high,risk5_pearson_with_true_risk_median,risk5_pearson_with_true_risk_p25,risk5_pearson_with_true_risk_p75,brier_5y_naive_mean,brier_5y_naive_sd,brier_5y_naive_se,brier_5y_naive_ci_low,brier_5y_naive_ci_high,brier_5y_naive_median,brier_5y_naive_p25,brier_5y_naive_p75,auc_5y_observed_event1_mean,auc_5y_observed_event1_sd,auc_5y_observed_event1_se,auc_5y_observed_event1_ci_low,auc_5y_observed_event1_ci_high,auc_5y_observed_event1_median,auc_5y_observed_event1_p25,auc_5y_observed_event1_p75,calibration_slope_5y_mean,calibration_slope_5y_sd,calibration_slope_5y_se,calibration_slope_5y_ci_low,calibration_slope_5y_ci_high,calibration_slope_5y_median,calibration_slope_5y_p25,calibration_slope_5y_p75,calibration_intercept_5y_mean,calibration_intercept_5y_sd,calibration_intercept_5y_se,calibration_intercept_5y_ci_low,calibration_intercept_5y_ci_high,calibration_intercept_5y_median,calibration_intercept_5y_p25,calibration_intercept_5y_p75,cause_specific_cindex_event1_mean,cause_specific_cindex_event1_sd,cause_specific_cindex_event1_se,cause_specific_cindex_event1_ci_low,cause_specific_cindex_event1_ci_high,cause_specific_cindex_event1_median,cause_specific_cindex_event1_p25,cause_specific_cindex_event1_p75,mean_predicted_risk5_mean,mean_predicted_risk5_sd,mean_predicted_risk5_se,mean_predicted_risk5_ci_low,mean_predicted_risk5_ci_high,mean_predicted_risk5_median,mean_predicted_risk5_p25,mean_predicted_risk5_p75,mean_true_risk5_mean,mean_true_risk5_sd,mean_true_risk5_se,mean_true_risk5_ci_low,mean_true_risk5_ci_high,mean_true_risk5_median,mean_true_risk5_p25,mean_true_risk5_p75,observed_event1_5y_rate_mean,observed_event1_5y_rate_sd,observed_event1_5y_rate_se,observed_event1_5y_rate_ci_low,observed_event1_5y_rate_ci_high,observed_event1_5y_rate_median,observed_event1_5y_rate_p25,observed_event1_5y_rate_p75,observed_event2_5y_rate_mean,observed_event2_5y_rate_sd,observed_event2_5y_rate_se,observed_event2_5y_rate_ci_low,observed_event2_5y_rate_ci_high,observed_event2_5y_rate_median,observed_event2_5y_rate_p25,observed_event2_5y_rate_p75,runtime_sec_mean,runtime_sec_sd,runtime_sec_se,runtime_sec_ci_low,runtime_sec_ci_high,runtime_sec_median,runtime_sec_p25,runtime_sec_p75
S0_linear_PH_inst30,cs_cox_dgm_cif,50,0,0.0,0.03708014784571448,0.0032076283333971447,0.000453627149214245,0.03619103863325456,0.037969257058174395,0.03679171597430685,0.03477593168517603,0.039107860569762176,0.05147485117872308,0.004208262246452586,0.0005951381542955914,0.05030838039630372,0.05264132196114244,0.05142614572816365,0.04879615325284425,0.054382249642750874,0.946132645547537,0.009499042356600554,0.0013433674530260989,0.9434996453396058,0.9487656457554681,0.947252810287696,0.9407027220900988,0.9519356544050831,0.9369996781430444,0.010323665866340655,0.001459986828158714,0.9341381039598533,0.9398612523262355,0.9372486644142468,0.9307608076882012,0.9430996877955186,0.19123158770257492,0.0025869404718885398,0.00036584863003966275,0.19051452438769717,0.19194865101745268,0.1911289113161685,0.18978531700141726,0.19239554157310162,0.686015492063492,0.01233943775226618,0.0017450600221313411,0.6825951744201145,0.6894358097068695,0.6865915343915343,0.6808047619047619,0.6932174603174603,0.9482845800867391,0.08610283427717441,0.012176779599354306,0.9244180920720046,0.9721510681014736,0.951659887937794,0.905491277496526,1.0016163197011374,-0.04605084309047644,0.0639515316261875,0.009044112336028627,-0.06377730326909255,-0.028324382911860332,-0.04768507110174495,-0.07965746507822108,-0.009298657194108174,0.6968004277571765,0.011902617154387812,0.00168328426074699,0.6935011906061125,0.7000996649082406,0.698529743151989,0.69022764718001,0.7044269232361234,0.3012160636984928,0.0039055870542952656,0.000552333418121315,0.300133490198975,0.3022986371980106,0.30159232457218776,0.2987681658916783,0.30413422241937416,0.30072055009711995,0.006596651397937986,0.0009329073873211336,0.29889205161797056,0.30254904857626935,0.30124072983766664,0.2983872274481666,0.3038592026486666,0.30000000000000004,5.607473066727768e-17,7.93016446160826e-18,0.30000000000000004,0.30000000000000004,0.3,0.3,0.3,0.24539999999999995,0.0025134558515041315,0.00035545633536231586,0.24470330558268982,0.24609669441731008,0.2453333333333333,0.244,0.2466666666666666,0.4487477091200006,0.027823563356986884,0.003934846065299793,0.44103541083201303,0.4564600074079882,0.45309897950001243,0.42058318725000987,0.4596866665000121
S0_linear_PH_inst30,cs_penalised_cox_all_safe_cif,50,0,0.0,0.05235315594901072,0.0030915433146105117,0.0004372102484186058,0.05149622386211025,0.05321008803591119,0.05237478485042685,0.05022721921084175,0.05435048613217727,0.06955166589453494,0.003982590824220304,0.0005632233956994997,0.06844774803896393,0.07065558375010596,0.06898596096660325,0.06672962445179273,0.0722801112725911,0.895197886194179,0.012922149104790273,0.0018274678519001751,0.8916160492044546,0.8987797231839033,0.8938210034760017,0.8858808257248116,0.9060951715978542,0.8876138675497081,0.013462422520512341,0.001903874051090554,0.8838822744095706,0.8913454606898455,0.8893530300150881,0.8765360525409237,0.8967419402832978,0.19366873946008364,0.002489565500269504,0.0003520777294897292,0.19297866711028377,0.1943588118098835,0.1934399895144778,0.19210965351567205,0.195319531139598,0.6756404232804233,0.012382524740563446,0.0017511534424525215,0.6722081625332164,0.6790726840276302,0.6770211640211639,0.6676026455026456,0.6836529100529101,0.8688142355292604,0.07429298363892582,0.010506614505133134,0.8482212710991994,0.8894071999593214,0.8580931281706272,0.8204118853572925,0.9167539841177585,-0.12129876100081102,0.05551850585342851,0.007851502394060865,-0.13668770569317032,-0.10590981630845173,-0.1271820556072735,-0.17013281123438623,-0.07755373793885295,0.6884690468701143,0.011867475009225702,0.001678314410917076,0.6851795506247169,0.6917585431155118,0.6894363071069851,0.6821144512667704,0.6962906634796194,0.3043469380279891,0.003977430997698944,0.0005624936860348997,0.30324445040336073,0.3054494256526175,0.30453161441204,0.30182460211985485,0.30715580707091644,0.30072055009711995,0.006596651397937986,0.0009329073873211336,0.29889205161797056,0.30254904857626935,0.30124072983766664,0.2983872274481666,0.3038592026486666,0.30000000000000004,5.607473066727768e-17,7.93016446160826e-18,0.30000000000000004,0.30000000000000004,0.3,0.3,0.3,0.24539999999999995,0.0025134558515041315,0.00035545633536231586,0.24470330558268982,0.24609669441731008,0.2453333333333333,0.244,0.2466666666666666,1.917724518239999,0.09713288820230155,0.013736664784816445,1.8908006552617587,1.9446483812182391,1.926250270500006,1.8994502185000004,1.9431270102499951
S0_linear_PH_inst30,nonparametric_aj_null,50,0,0.0,0.11540117750063195,0.002188195645551568,0.0003094575959064777,0.11479464061265525,0.11600771438860864,0.1157903008346186,0.11381172921069013,0.11683658260428526,0.14255658001332847,0.0030578764882526486,0.00043244904017487076,0.14170897989458572,0.1434041801320712,0.1424933074034676,0.14091360721183238,0.14436468454100082,,,,,,,,,,,,,,,,,0.21000004081632653,4.123071608086771e-08,5.830903786791757e-09,0.2100000293877551,0.21000005224489796,0.2100000408163265,0.21,0.210000081632653,0.5,0.0,0.0,0.5,0.5,0.5,0.5,0.5,,,,,,,,,,,,,,,,,0.5,0.0,0.0,0.5,0.5,0.5,0.5,0.5,0.2998571428571388,0.00014430750636458198,2.0408163265303354e-05,0.29981714285713884,0.2998971428571388,0.29985714285713894,0.2997142857142817,0.2999999999999959,0.30072055009711995,0.006596651397937986,0.0009329073873211336,0.29889205161797056,0.30254904857626935,0.30124072983766664,0.2983872274481666,0.3038592026486666,0.30000000000000004,5.607473066727768e-17,7.93016446160826e-18,0.30000000000000004,0.30000000000000004,0.3,0.3,0.3,0.24539999999999995,0.0025134558515041315,0.00035545633536231586,0.24470330558268982,0.24609669441731008,0.2453333333333333,0.244,0.2466666666666666,0.42436942672000144,0.009395997771594363,0.0013287947480616125,0.42176498901380066,0.4269738644262022,0.4236173749999992,0.41884607325000717,0.4306448854999942
S0_linear_PH_inst30,oracle_true_risk_not_a_model,50,0,0.0,0.0,0.0,0.0,0.0,0.0,0.0,0.0,0.0,0.0,0.0,0.0,0.0,0.0,0.0,0.0,0.0,1.0,0.0,0.0,1.0,1.0,1.0,1.0,1.0,0.9999999999999994,6.118058923599024e-16,8.652241905151479e-17,0.9999999999999992,0.9999999999999997,0.9999999999999999,0.999999999999999,1.0,0.18868349985087707,0.002512561165737477,0.00035532980768778936,0.187987053427809,0.18937994627394514,0.1884450177608481,0.1872921892335188,0.18989175699445368,0.6960403174603175,0.012516580022830771,0.001770111722281542,0.6925708984846457,0.6995097364359892,0.6967756613756615,0.6875449735449736,0.7037095238095238,1.032609618500741,0.07362033694786493,0.010411487897814766,1.012203102221024,1.0530161347804579,1.0348487563340087,0.9979410947949576,1.0742284147125336,0.02068109186083279,0.06554978518943123,0.009270139522553669,0.002511618396627599,0.03885056532503798,0.0263964195978857,-0.010241322132942675,0.05242427455661253,0.7041759180368307,0.011561663897123448,0.0016350661886911353,0.700971188306996,0.7073806477666653,0.7041012820936358,0.6973162093090663,0.711370881815103,0.30072055009711995,0.006596651397937986,0.0009329073873211336,0.29889205161797056,0.30254904857626935,0.30124072983766664,0.2983872274481666,0.3038592026486666,0.30072055009711995,0.006596651397937986,0.0009329073873211336,0.29889205161797056,0.30254904857626935,0.30124072983766664,0.2983872274481666,0.3038592026486666,0.30000000000000004,5.607473066727768e-17,7.93016446160826e-18,0.30000000000000004,0.30000000000000004,0.3,0.3,0.3,0.24539999999999995,0.0025134558515041315,0.00035545633536231586,0.24470330558268982,0.24609669441731008,0.2453333333333333,0.244,0.2466666666666666,9.784586000178541e-05,1.2782307899444328e-05,1.8076913189822915e-06,9.430278501658012e-05,0.0001013889349869907,9.333299999880752e-05,9.184350000168705e-05,9.745850000442148e-05
S1_linear_PH_inst15,cs_cox_dgm_cif,50,0,0.0,0.027065579096441836,0.0028380618590443597,0.00040136255719143323,0.02627890848434663,0.027852249708537044,0.02719396863046045,0.02483235801691405,0.0291613977360097,0.03990514142352869,0.0045041425667736315,0.0006369819504793233,0.03865665680058922,0.04115362604646816,0.03898038461631295,0.03654974293926025,0.04289949347762685,0.9211999651853424,0.016848871818250007,0.002382790303605499,0.9165296961902757,0.9258702341804091,0.921012876894612,0.9092547276687681,0.9343265557006917,0.8966498843891637,0.0226682839410029,0.0032057794585090534,0.8903665566504859,0.9029332121278415,0.897664477621819,0.8815551203136545,0.914129234392747,0.12172242662681754,0.001730821622027469,0.00024477514119198456,0.12124266735008125,0.12220218590355382,0.12152219908474965,0.12063130393740568,0.12273944958773166,0.6668100740740742,0.017735360298057307,0.002508158706708598,0.6618940830089254,0.6717260651392231,0.6703721132897603,0.6582666666666668,0.6786692810457515,0.8878698278193086,0.11796229797805449,0.0166823881649261,0.8551723470160534,0.9205673086225638,0.9038454706534276,0.8246569916107089,0.955403054337668,-0.18320566314450804,0.18889684012188762,0.026714047318979566,-0.23556519588970798,-0.1308461303993081,-0.16287467514323226,-0.2759154311629608,-0.0678053522524926,0.6919187197553369,0.013984373215019106,0.001977689026196706,0.6880424492639914,0.6957949902466825,0.6934564638119884,0.6876210848338429,0.698757532488663,0.1502850748669069,0.0024864525728225803,0.0003516374950683169,0.149595865376573,0.1509742843572408,0.15078096798293733,0.14851444096691602,0.1522697667519895,0.14976626683363328,0.005068617240166505,0.0007168107243521557,0.14836131781390305,0.15117121585336352,0.1487076058238333,0.1457030950495,0.15302864471616662,0.15000000000000002,2.803736533363884e-17,3.96508223080413e-18,0.15000000000000002,0.15000000000000002,0.15,0.15,0.15,0.2863333333333333,0.002117843424565431,0.0002995082894003113,0.28574629708610866,0.2869203695805579,0.2866666666666667,0.2853333333333333,0.2873333333333333,0.4086825284199971,0.01994860627393185,0.0028211589543035436,0.40315305686956215,0.414211999970432,0.4094316044999857,0.38972765600000514,0.4159347812499874
S1_linear_PH_inst15,cs_penalised_cox_all_safe_cif,50,0,0.0,0.034485506180568996,0.0020262587425118076,0.00028655625945372515,0.033923855912039697,0.035047156449098296,0.0344617160278572,0.033098515174407574,0.0355628774619454,0.04810738951744371,0.002923880736970189,0.00041349917929846817,0.04729693112601872,0.04891784790886871,0.04777956918019765,0.04570555103926422,0.049875034333142075,0.8648645361263186,0.017676517551712897,0.0024998370857158437,0.8599648554383156,0.8697642168143217,0.865951152867179,0.8547268847675044,0.8756332478369991,0.8474507087826859,0.019415897270473922,0.0027458225245546976,0.8420688966345588,0.8528325209308131,0.8488831414083331,0.8358470211779457,0.8642017538505284,0.12231937415023628,0.0016992092955809383,0.0002403044831120996,0.12184837736333656,0.12279037093713599,0.12246782731727496,0.12147177365428458,0.12322229426630107,0.6591007233115468,0.018668857022269458,0.002640175079489766,0.6539259801557469,0.6642754664673467,0.6625516339869282,0.6468932461873639,0.6702919389978212,0.8604932295992748,0.10943899101617337,0.015477010534749968,0.8301582889511648,0.8908281702473847,0.8587202281908022,0.7976570565636776,0.9124111491206737,-0.23898721079362606,0.1736978020802766,0.024564578745632476,-0.2871337851350657,-0.1908406364521864,-0.24122119991818836,-0.3510785828716403,-0.1450256676645473,0.6845830600064496,0.01351826493881775,0.0019117713616228758,0.6808359881376688,0.6883301318752305,0.686823541783549,0.676480704154328,0.6961317519856977,0.15174596019845507,0.0026500726862089636,0.00037477687341112153,0.15101139752656928,0.15248052287034086,0.1518423507834368,0.14967480743209105,0.15402097070132723,0.14976626683363328,0.005068617240166505,0.0007168107243521557,0.14836131781390305,0.15117121585336352,0.1487076058238333,0.1457030950495,0.15302864471616662,0.15000000000000002,2.803736533363884e-17,3.96508223080413e-18,0.15000000000000002,0.15000000000000002,0.15,0.15,0.15,0.2863333333333333,0.002117843424565431,0.0002995082894003113,0.28574629708610866,0.2869203695805579,0.2866666666666667,0.2853333333333333,0.2873333333333333,1.8310527259799998,0.1041028079092985,0.014722360282645104,1.8021968998260154,1.8599085521339842,1.8060026670000013,1.7881710520000027,1.8251167394999968
S1_linear_PH_inst15,nonparametric_aj_null,50,0,0.0,0.06710508688849966,0.001636494972715605,0.00023143533851697966,0.06665147362500638,0.06755870015199293,0.06687628176380925,0.06576523652664243,0.06833748803583295,0.08623675665446787,0.002763704260761404,0.0003908468047957086,0.08547069691706828,0.08700281639186745,0.08571951166277064,0.0841744637311101,0.08834689021456191,,,,,,,,,,,,,,,,,0.12750004734693873,4.069954134855362e-08,5.755784335748909e-09,0.12750003606560142,0.12750005862827604,0.127500081632653,0.1275,0.127500081632653,0.5,0.0,0.0,0.5,0.5,0.5,0.5,0.5,,,,,,,,,,,,,,,,,0.5,0.0,0.0,0.5,0.5,0.5,0.5,0.5,0.1498342857142839,0.0001424483948294998,2.0145245190615608e-05,0.1497948010337103,0.1498737703948575,0.149714285714284,0.1497142857142839,0.1499999999999981,0.14976626683363328,0.005068617240166505,0.0007168107243521557,0.14836131781390305,0.15117121585336352,0.1487076058238333,0.1457030950495,0.15302864471616662,0.15000000000000002,2.803736533363884e-17,3.96508223080413e-18,0.15000000000000002,0.15000000000000002,0.15,0.15,0.15,0.2863333333333333,0.002117843424565431,0.0002995082894003113,0.28574629708610866,0.2869203695805579,0.2866666666666667,0.2853333333333333,0.2873333333333333,0.3402037541600019,0.024345257920777772,0.003442939393103494,0.3334555929495191,0.34695191537048475,0.3354641459999925,0.33313826025001697,0.3407302602500124
S1_linear_PH_inst15,oracle_true_risk_not_a_model,50,0,0.0,0.0,0.0,0.0,0.0,0.0,0.0,0.0,0.0,0.0,0.0,0.0,0.0,0.0,0.0,0.0,0.0,1.0,0.0,0.0,1.0,1.0,1.0,1.0,1.0,0.9999999999999997,6.911537554816747e-16,9.774390146872823e-17,0.9999999999999994,0.9999999999999999,1.0,0.9999999999999993,1.0,0.1200167017773075,0.0016715040772718604,0.0002363863735639791,0.1195533844851221,0.1204800190694929,0.119898472500524,0.11890259291917757,0.12067964479651533,0.6831674074074074,0.019027392967215215,0.0026908797190838205,0.6778932831580031,0.6884415316568118,0.6853533769063181,0.6727555555555556,0.6971869281045752,1.0055092732604987,0.11555556061309692,0.016342024102666792,0.9734789060192718,1.0375396405017256,1.0144105435043793,0.9263400718233274,1.0834055290011944,0.009577295406518117,0.1881839134781146,0.026613224266119475,-0.04258462415507605,0.061739214968112285,0.0349151478465128,-0.08528477910430565,0.12369548544741088,0.7042872063163241,0.015755206205889806,0.0022281226294354117,0.6999200859626308,0.7086543266700175,0.7059071254000315,0.6967099350192493,0.7149156383136174,0.14976626683363328,0.005068617240166505,0.0007168107243521557,0.14836131781390305,0.15117121585336352,0.1487076058238333,0.1457030950495,0.15302864471616662,0.14976626683363328,0.005068617240166505,0.0007168107243521557,0.14836131781390305,0.15117121585336352,0.1487076058238333,0.1457030950495,0.15302864471616662,0.15000000000000002,2.803736533363884e-17,3.96508223080413e-18,0.15000000000000002,0.15000000000000002,0.15,0.15,0.15,0.2863333333333333,0.002117843424565431,0.0002995082894003113,0.28574629708610866,0.2869203695805579,0.2866666666666667,0.2853333333333333,0.2873333333333333,9.582162000313197e-05,1.80434668431051e-05,2.5517315521748485e-06,9.082022616086926e-05,0.00010082301384539467,9.191649999706897e-05,9.079150000701475e-05,9.429199999821947e-05
S2_linear_PH_inst45,cs_cox_dgm_cif,50,0,0.0,0.040127605297137506,0.0035179205922611584,0.000497509101292732,0.03915248745860375,0.04110272313567126,0.03969476707629625,0.03794660471436307,0.04264918023129542,0.05336389525099064,0.00454836276210935,0.0006432356304767793,0.052103153415256155,0.054624637086725124,0.053052644517130695,0.050514356822981325,0.05658019796230912,0.9539073569153785,0.008632585852343075,0.001220831999073368,0.9515145261971948,0.9563001876335623,0.9552314147695178,0.9487567932252414,0.9599767593141043,0.9534771722736894,0.00834950745453168,0.001180798668133396,0.951162806884148,0.9557915376632309,0.9551865361342167,0.9491882569934612,0.9584160217597147,0.22001233928936131,0.0036861955154556874,0.0005213067691516315,0.21899057802182412,0.2210341005568985,0.22030615407571144,0.21835715691912763,0.22259041594482568,0.6929197755331089,0.012669266471318006,0.0017917048469056648,0.6894080340331739,0.696431517033044,0.6921472502805837,0.6852821548821549,0.6991793490460158,0.9497847442118789,0.09603696556905733,0.013581677919691884,0.9231646554892827,0.976404832934475,0.9294422311204096,0.8865449259525098,0.9926758597636665,-0.007783776261714675,0.03008741380489897,0.004255002865961961,-0.01612358187900012,0.0005560293555707686,-0.011436984348690699,-0.028871340703073324,0.010894562760693026,0.6933204052885168,0.010967298877376854,0.0015510102814985567,0.6902804251367797,0.6963603854402539,0.6921865560924929,0.6854263762383295,0.6999534681534961,0.44981213049944396,0.005276686090295866,0.0007462361033281876,0.4483495077369207,0.4512747532619672,0.4498234035793668,0.445726225054183,0.45385146123695874,0.4509325173411334,0.00748989162774061,0.0010592306320655466,0.4488564253022849,0.45300860937998183,0.452584738078,0.44594167313866667,0.4554778870576666,0.45,0.0,0.0,0.45,0.45,0.45,0.45,0.45,0.20510666666666666,0.0026957933131643414,0.0003812427464831712,0.20435943088355965,0.20585390244977367,0.2046666666666666,0.2033333333333333,0.2066666666666666,0.4814851709200019,0.026732881254429908,0.003780600323132425,0.4740751942866624,0.48889514755334146,0.4881565205000129,0.4464207089999945,0.49283746899999414
S2_linear_PH_inst45,cs_penalised_cox_all_safe_cif,50,0,0.0,0.05805276822735461,0.003046697985852967,0.0004308681612048058,0.057208266631393195,0.05889726982331603,0.05792135232218355,0.056081600092671324,0.06067332106768052,0.07454791932481764,0.0037913738711295867,0.0005361812348578445,0.07349700410449626,0.07559883454513901,0.0739168499425778,0.07210055553551281,0.07779415397481423,0.9096631424743404,0.0106355869019839,0.001504099124058328,0.9067151081911861,0.9126111767574948,0.9103467299318801,0.9008923043965799,0.9176862149716511,0.9109419209210458,0.009940023863529483,0.0014057316558115606,0.9081866868756551,0.9136971549664364,0.9114354616632724,0.901904594312826,0.9183936699130621,0.2224383656030752,0.0037690251308745725,0.000533020645700785,0.22139364513750165,0.22348308606864875,0.22270022709905418,0.22080895136289044,0.22463808625602572,0.685159901234568,0.012575429882677493,0.001778434349275441,0.6816741699099882,0.6886456325591479,0.684888888888889,0.6789548821548822,0.6906702581369248,0.8797423349769304,0.08346609168424023,0.011803887885812873,0.8566067147207372,0.9028779552331236,0.8701042006945927,0.8253049197721121,0.9218406946957056,-0.038473996210707885,0.027614386019350304,0.003905263922517118,-0.04612831349884144,-0.030819678922574333,-0.03959738370227245,-0.05646647250079667,-0.0182172123185468,0.6874475761034237,0.010568724440489317,0.0014946433440723992,0.6845180751490417,0.6903770770578056,0.6870117089210286,0.6799116176389991,0.6937712177980633,0.4542338045692661,0.005531076044567997,0.0007822122756744995,0.4527006685089441,0.4557669406295881,0.45364572266917835,0.44983391717029275,0.45782080791841145,0.4509325173411334,0.00748989162774061,0.0010592306320655466,0.4488564253022849,0.45300860937998183,0.452584738078,0.44594167313866667,0.4554778870576666,0.45,0.0,0.0,0.45,0.45,0.45,0.45,0.45,0.20510666666666666,0.0026957933131643414,0.0003812427464831712,0.20435943088355965,0.20585390244977367,0.2046666666666666,0.2033333333333333,0.2066666666666666,1.9824364666599943,0.10404435830040058,0.01471409425968322,1.9535968419110152,2.0112760914089733,1.9875274374999776,1.9729428337499968,2.012826208499959
S2_linear_PH_inst45,nonparametric_aj_null,50,0,0.0,0.14312744352397128,0.002083181425729604,0.0002946063425150526,0.14255001509264179,0.14370487195530077,0.14298371423752382,0.1416337388629997,0.14432572307745237,0.1727007061522591,0.0020857268708446433,0.00029496632281544914,0.17212257215954083,0.17327884014497738,0.17240670170291936,0.17121911414676444,0.17351385232032732,,,,,,,,,,,,,,,,,0.2475000457142857,4.0932778503307244e-08,5.788769050499098e-09,0.24750003436829834,0.24750005706027303,0.247500081632653,0.2475,0.2475000816326531,0.5,0.0,0.0,0.5,0.5,0.5,0.5,0.5,,,,,,,,,,,,,,,,,0.5,0.0,0.0,0.5,0.5,0.5,0.5,0.5,0.44983999999999214,0.00014326472469218204,2.0260691666933146e-05,0.44980028904432495,0.4498797109556593,0.4497142857142779,0.4497142857142776,0.4499999999999921,0.4509325173411334,0.00748989162774061,0.0010592306320655466,0.4488564253022849,0.45300860937998183,0.452584738078,0.44594167313866667,0.4554778870576666,0.45,0.0,0.0,0.45,0.45,0.45,0.45,0.45,0.20510666666666666,0.0026957933131643414,0.0003812427464831712,0.20435943088355965,0.20585390244977367,0.2046666666666666,0.2033333333333333,0.2066666666666666,0.49439360411999955,0.005093941863347696,0.0007203921669086386,0.4929816354728586,0.4958055727671405,0.49454779149999695,0.49204209424998163,0.49672027025000887
S2_linear_PH_inst45,oracle_true_risk_not_a_model,50,0,0.0,0.0,0.0,0.0,0.0,0.0,0.0,0.0,0.0,0.0,0.0,0.0,0.0,0.0,0.0,0.0,0.0,1.0,0.0,0.0,1.0,1.0,1.0,1.0,1.0,0.9999999999999997,4.602229114801923e-16,6.508534831301203e-17,0.9999999999999996,0.9999999999999998,1.0,0.9999999999999994,1.0,0.21721093002770794,0.003388280922359349,0.0004791752833530611,0.21627174647233594,0.21815011358307995,0.2172820728259523,0.2155769237986835,0.21976825905203232,0.7018918249158248,0.011719285531061838,0.001657357253935043,0.6986434046981121,0.7051402451335375,0.7010325476992144,0.6933001122334456,0.7079093153759821,1.0127733913924626,0.07193554666021633,0.010173222570360053,0.9928338751545569,1.0327129076303683,1.0045763313370113,0.961120636928856,1.044504705504552,-0.0021206173130890477,0.03730176123156944,0.005275265663408842,-0.012460138013370379,0.008218903387192283,-0.0059753865668345,-0.0244516783347939,0.01568903029779525,0.6992684451098363,0.010423155374673325,0.0014740567693585034,0.6963792938418937,0.702157596377779,0.6976301777729953,0.6928603489568879,0.7064527166415386,0.4509325173411334,0.00748989162774061,0.0010592306320655466,0.4488564253022849,0.45300860937998183,0.452584738078,0.44594167313866667,0.4554778870576666,0.4509325173411334,0.00748989162774061,0.0010592306320655466,0.4488564253022849,0.45300860937998183,0.452584738078,0.44594167313866667,0.4554778870576666,0.45,0.0,0.0,0.45,0.45,0.45,0.45,0.45,0.20510666666666666,0.0026957933131643414,0.0003812427464831712,0.20435943088355965,0.20585390244977367,0.2046666666666666,0.2033333333333333,0.2066666666666666,9.589913999803776e-05,2.76199484791513e-05,3.906050573126191e-06,8.824328087471043e-05,0.0001035549991213651,9.15415000122266e-05,9.032299999489624e-05,9.414574999766501e-05
S3_nonlinear_interaction_inst30,cs_cox_dgm_cif,50,0,0.0,0.05245876829431055,0.002985508647929993,0.00042221468204847577,0.05163122751749554,0.05328630907112556,0.0522653712442023,0.050372270641951045,0.054582136957457325,0.07302158300245828,0.0038332920711725295,0.0005421093635589443,0.07195904864988276,0.07408411735503381,0.07300999727744126,0.07033844445476663,0.07587668552771408,0.9355442812717364,0.007420683977237897,0.0010494431922694553,0.9334873726148882,0.9376011899285845,0.9364126330722815,0.9291728067434699,0.9405598535821574,0.9220026644416437,0.008615274030357419,0.0012183837377292177,0.9196146323156944,0.924390696567593,0.922660924032443,0.9158563176422004,0.9276284253518936,0.18075298241564705,0.0040788957240699905,0.0005768429652485406,0.1796223702037599,0.1818835946275342,0.180575850795869,0.1784320912335633,0.18380143375410732,0.7251500952380951,0.014916129174622754,0.00210945921768605,0.7210155551714305,0.7292846353047598,0.7259555555555556,0.7145031746031746,0.7361164021164021,0.9118234374004227,0.08091720785431929,0.011443421277694106,0.8893943316961422,0.9342525431047032,0.9104785143414365,0.8575705427981641,0.9572127593504289,-0.07392775771733831,0.06040482463328468,0.00854253222291596,-0.0906711208742536,-0.05718439456042303,-0.07706831280762225,-0.11375779777206058,-0.040557839611992975,0.7328802601927343,0.011674613317456742,0.0016510396489008876,0.7296442224808886,0.7361162979045801,0.7313537770444828,0.7236537802425398,0.7400214318685566,0.3018457803104438,0.004619653187819034,0.0006533176191673781,0.30056527777687575,0.30312628284401183,0.302006944106384,0.29853334610515136,0.3050331246142978,0.3002901670003733,0.007200986071425733,0.0010183732164670025,0.298294155496098,0.3022861785046486,0.3005056845323333,0.29681231282399995,0.303627270764,0.30000000000000004,5.607473066727768e-17,7.93016446160826e-18,0.30000000000000004,0.30000000000000004,0.3,0.3,0.3,0.23807999999999999,0.003099674476362052,0.00043836016834129354,0.23722081407005105,0.23893918592994892,0.238,0.23616666666666664,0.2406666666666666,0.44762057505999253,0.016179839307979848,0.0022881748186362413,0.4431357524154655,0.4521053977045196,0.44532987499999876,0.44410216675001374,0.4486577607499953
S3_nonlinear_interaction_inst30,cs_penalised_cox_all_safe_cif,50,0,0.0,0.06343530847778628,0.0025130148777483484,0.000355393972255708,0.06273873629216509,0.06413188066340747,0.0635139210501123,0.06183886829986503,0.06520098139333855,0.08675005196977002,0.003433048056465332,0.00048550631217318674,0.08579845959791058,0.08770164434162947,0.08674318527755304,0.08417462076000112,0.08958648298999793,0.9034710162785895,0.009240324911192876,0.0013067792810142929,0.9009097288878015,0.9060323036693775,0.902976031544903,0.8972650201177867,0.9094487170883188,0.8897587256455362,0.010063968817578279,0.0014232601193119123,0.8869691358116848,0.8925483154793875,0.8888716426269057,0.8820670261222827,0.8968965247228126,0.18311313930377765,0.003719758620452922,0.0005260533089798756,0.1820820748181771,0.1841442037893782,0.18298851597140575,0.18112844119401167,0.18525660061028154,0.7168395343915342,0.013677130755823658,0.0019342383809235998,0.713048427164924,0.7206306416181445,0.7178888888888889,0.7067158730158729,0.7285296296296296,0.8857588806136023,0.07109395326903946,0.010054203291579463,0.8660526421621065,0.9054651190650981,0.8873665339230569,0.830538531693605,0.9409707908745244,-0.11670060117101472,0.05757713889641783,0.008142637070995355,-0.1326601698301656,-0.10074103251186382,-0.12478831301216535,-0.15743147341722014,-0.0864810072231514,0.7261215664510858,0.011912830359490664,0.001684728626064165,0.722819498344,0.7294236345581716,0.7264069264390192,0.7149024967320654,0.7346893047471115,0.30657535773073585,0.005063517612707661,0.0007160895281206211,0.30517182225561945,0.30797889320585226,0.30698161293652726,0.30336582452583694,0.31003270419009543,0.3002901670003733,0.007200986071425733,0.0010183732164670025,0.298294155496098,0.3022861785046486,0.3005056845323333,0.29681231282399995,0.303627270764,0.30000000000000004,5.607473066727768e-17,7.93016446160826e-18,0.30000000000000004,0.30000000000000004,0.3,0.3,0.3,0.23807999999999999,0.003099674476362052,0.00043836016834129354,0.23722081407005105,0.23893918592994892,0.238,0.23616666666666664,0.2406666666666666,1.8746100125200025,0.10870655381726739,0.015373428272722029,1.8444780931054674,1.9047419319345376,1.8757845415000531,1.861073542249983,1.9081156462500533
S3_nonlinear_interaction_inst30,nonparametric_aj_null,50,0,0.0,0.14843059431193062,0.002633530970826691,0.000372437521587269,0.14770061676961957,0.14916057185424167,0.1485257254146657,0.14694257217935644,0.15033717687333234,0.18557768860354465,0.003684921498323753,0.0005211265959209637,0.18455628047553957,0.18659909673154973,0.18542980530035197,0.18316499503721909,0.18818396934343887,,,,,,,,,,,,,,,,,0.21000004734693875,4.069954135809712e-08,5.7557843370985635e-09,0.21000003606560144,0.21000005862827606,0.210000081632653,0.21,0.210000081632653,0.5,0.0,0.0,0.5,0.5,0.5,0.5,0.5,,,,,,,,,,,,,,,,,0.5,0.0,0.0,0.5,0.5,0.5,0.5,0.5,0.2998342857142817,0.00014244839482951128,2.014524519061723e-05,0.2997948010337081,0.29987377039485535,0.2997142857142817,0.2997142857142817,0.2999999999999959,0.3002901670003733,0.007200986071425733,0.0010183732164670025,0.298294155496098,0.3022861785046486,0.3005056845323333,0.29681231282399995,0.303627270764,0.30000000000000004,5.607473066727768e-17,7.93016446160826e-18,0.30000000000000004,0.30000000000000004,0.3,0.3,0.3,0.23807999999999999,0.003099674476362052,0.00043836016834129354,0.23722081407005105,0.23893918592994892,0.238,0.23616666666666664,0.2406666666666666,0.4080946617400019,0.01026463836678125,0.0014516390791157261,0.4052494491449351,0.41093987433506873,0.4063263335000329,0.4046891662499945,0.40876014625000323
S3_nonlinear_interaction_inst30,oracle_true_risk_not_a_model,50,0,0.0,0.0,0.0,0.0,0.0,0.0,0.0,0.0,0.0,0.0,0.0,0.0,0.0,0.0,0.0,0.0,0.0,1.0,0.0,0.0,1.0,1.0,1.0,1.0,1.0,0.9999999999999994,6.163120562381155e-16,8.715968685859925e-17,0.9999999999999992,0.9999999999999997,0.9999999999999999,0.9999999999999992,1.0,0.17563586208489748,0.004455440812838698,0.0006300944823867093,0.17440087689941952,0.17687084727037544,0.17542094938077823,0.1729281384495308,0.17825662025598732,0.7403853968253968,0.015620185012089631,0.0022090277490874103,0.7360557024371855,0.7447150912136081,0.7412888888888889,0.7294687830687832,0.7515571428571428,1.0011395994077403,0.0771290119370982,0.010907689473388061,0.9797605280398998,1.022518670775581,1.0049993326691466,0.9470661861146094,1.043620840703634,-0.0011677570283010977,0.06884133670962433,0.009735635202664355,-0.020249602025523235,0.017914087968921036,0.0054548022109837,-0.05105153290741775,0.03421893598963345,0.744805770885036,0.011702110446944615,0.0016549283302456955,0.7415621113577544,0.7480494304123175,0.7450253194140932,0.7372977056316614,0.7510705053186963,0.3002901670003733,0.007200986071425733,0.0010183732164670025,0.298294155496098,0.3022861785046486,0.3005056845323333,0.29681231282399995,0.303627270764,0.3002901670003733,0.007200986071425733,0.0010183732164670025,0.298294155496098,0.3022861785046486,0.3005056845323333,0.29681231282399995,0.303627270764,0.30000000000000004,5.607473066727768e-17,7.93016446160826e-18,0.30000000000000004,0.30000000000000004,0.3,0.3,0.3,0.23807999999999999,0.003099674476362052,0.00043836016834129354,0.23722081407005105,0.23893918592994892,0.238,0.23616666666666664,0.2406666666666666,9.38725200057857e-05,1.386973183715497e-05,1.961476287058246e-06,9.002802648315154e-05,9.771701352841987e-05,9.041700002399011e-05,8.945800001569637e-05,9.338500004218986e-05
S4_nonPH_inst30,cs_cox_dgm_cif,50,0,0.0,0.049902436523998055,0.0047573254044311715,0.0006727874107568632,0.048583773198914604,0.051221099849081506,0.04966522537681215,0.04707268447172875,0.0535156074883074,0.06712001015401707,0.006033261288445914,0.0008532319939460784,0.06544767544588276,0.06879234486215138,0.06706802253715871,0.06302142925400768,0.07073786108004887,0.9211177807920979,0.016884007135934978,0.0023877591878843363,0.9164377727838446,0.9257977888003512,0.9223356761146682,0.908725709655871,0.9346794891908842,0.9074524770978217,0.01815263133555474,0.002567169742750034,0.9024208244020316,0.9124841297936118,0.9085403894835606,0.8935353608172457,0.9214167628759327,0.19498430265013858,0.002667985278509351,0.0003773100965079683,0.19424477486098296,0.1957238304392942,0.19467832936973395,0.19323818565572376,0.196609590297104,0.6667624973544973,0.01318749622687306,0.00186499360177879,0.6631071098950109,0.6704178848139838,0.6673968253968254,0.6584915343915344,0.6754222222222221,0.87769525787081,0.08623767666530295,0.012195849192761721,0.853791393452997,0.901599122288623,0.87158011767333,0.820931344475129,0.9415949172978989,-0.10159256521252485,0.07211166378821128,0.010198129293457718,-0.12158089862770198,-0.08160423179734773,-0.1039269642439927,-0.14734845100144742,-0.049309452579857825,0.6899636769700842,0.01184320854998185,0.0016748826153397329,0.6866809070440183,0.6932464468961501,0.6891354945044583,0.6838260542936626,0.6955408184506842,0.3015499253741962,0.004292313243019145,0.0006070247602231317,0.3003601568441589,0.30273969390423355,0.30222935831655096,0.29861551078606796,0.30431764557845165,0.29498658459749333,0.00656235742951664,0.0009280574877962274,0.29316759192141273,0.29680557727357393,0.29533096415866666,0.29034287625683336,0.29946627881266663,0.30000000000000004,5.607473066727768e-17,7.93016446160826e-18,0.30000000000000004,0.30000000000000004,0.3,0.3,0.3,0.2452133333333333,0.002949891423498644,0.0004171776458639858,0.2443956651474399,0.24603100151922672,0.2453333333333333,0.2426666666666666,0.2473333333333333,0.446159009160001,0.027773459177824835,0.003927760264329539,0.4384605990419151,0.4538574192780869,0.44668616650000104,0.42901549950000367,0.451821510000002
S4_nonPH_inst30,cs_penalised_cox_all_safe_cif,50,0,0.0,0.06227082960845802,0.003871263188294933,0.0005474792904402402,0.06119777019919515,0.0633438890177209,0.06254643113328315,0.059593252367792254,0.06500598033253596,0.08143052949735463,0.005057880013326878,0.000715292251170268,0.08002855668506091,0.08283250230964835,0.080803448176678,0.0776164519214051,0.08477253444461845,0.8736278148646639,0.017558174315214413,0.002483100824708715,0.8687609372482348,0.878494692481093,0.8734219544097577,0.8612390281062348,0.8904995717775875,0.8609968656038375,0.01858059433674998,0.0026276928507984543,0.8558465876162725,0.8661471435914024,0.8615931310965514,0.845214910858687,0.8777396543072234,0.19744890546313307,0.002610237787584446,0.00036914336802206654,0.19672538446180982,0.19817242646445632,0.19739495407472973,0.1954222492697671,0.19894676356945695,0.6554334391534392,0.013662372141328875,0.0019321511976455638,0.6516464228060539,0.6592204555008245,0.6555449735449735,0.6458444444444444,0.6640587301587302,0.8166027403470857,0.0739484597068797,0.010457891463406963,0.7961052730788081,0.8371002076153633,0.8171685188434525,0.7473767367102984,0.8772689416544431,-0.16759399199910738,0.0603496998077671,0.00853473639532892,-0.18432207533395206,-0.1508659086642627,-0.1737252780001177,-0.2117054272355653,-0.12355387635957274,0.681783243943903,0.011916992257437963,0.0016853172073163932,0.6784800222175629,0.6850864656702431,0.681356880881993,0.6743862581720405,0.6882647866014521,0.30569603833037035,0.0045017974767288735,0.0006366503046646951,0.30444820373322756,0.30694387292751313,0.3060068713087245,0.3030120983965392,0.3081915793136453,0.29498658459749333,0.00656235742951664,0.0009280574877962274,0.29316759192141273,0.29680557727357393,0.29533096415866666,0.29034287625683336,0.29946627881266663,0.30000000000000004,5.607473066727768e-17,7.93016446160826e-18,0.30000000000000004,0.30000000000000004,0.3,0.3,0.3,0.2452133333333333,0.002949891423498644,0.0004171776458639858,0.2443956651474399,0.24603100151922672,0.2453333333333333,0.2426666666666666,0.2473333333333333,1.9111778449799928,0.07870543719200512,0.011130629670943745,1.889361810824943,1.9329938791350425,1.8915254579999896,1.8790469374999932,1.907091625499969
S4_nonPH_inst30,nonparametric_aj_null,50,0,0.0,0.12911014156490605,0.002391372380307957,0.0003381911252915944,0.12844728695933452,0.12977299617047758,0.12918799695690408,0.1269587051150233,0.13081508297221373,0.15806744242631005,0.0030384211882210615,0.0004296976452584,0.15722523504160357,0.15890964981101652,0.1583885602264723,0.1561825669737894,0.16034393708824235,,,,,,,,,,,,,,,,,0.21000003591836733,4.093277845703647e-08,5.788769043955422e-09,0.21000002457238,0.21000004726435464,0.21,0.21,0.210000081632653,0.5,0.0,0.0,0.5,0.5,0.5,0.5,0.5,,,,,,,,,,,,,,,,,0.5,0.0,0.0,0.5,0.5,0.5,0.5,0.5,0.2998742857142817,0.00014326472469211008,2.026069166692297e-05,0.2998345747586145,0.2999139966699489,0.2999999999999959,0.2997142857142817,0.2999999999999959,0.29498658459749333,0.00656235742951664,0.0009280574877962274,0.29316759192141273,0.29680557727357393,0.29533096415866666,0.29034287625683336,0.29946627881266663,0.30000000000000004,5.607473066727768e-17,7.93016446160826e-18,0.30000000000000004,0.30000000000000004,0.3,0.3,0.3,0.2452133333333333,0.002949891423498644,0.0004171776458639858,0.2443956651474399,0.24603100151922672,0.2453333333333333,0.2426666666666666,0.2473333333333333,0.41090845925999303,0.005780418769765753,0.0008174746620398728,0.4093062089223949,0.4125107095975912,0.40953064600000744,0.40768456225001154,0.4140122395000105
S4_nonPH_inst30,oracle_true_risk_not_a_model,50,0,0.0,0.0,0.0,0.0,0.0,0.0,0.0,0.0,0.0,0.0,0.0,0.0,0.0,0.0,0.0,0.0,0.0,1.0,0.0,0.0,1.0,1.0,1.0,1.0,1.0,0.9999999999999997,6.838358811690989e-16,9.670899775866958e-17,0.9999999999999994,0.9999999999999999,1.0,0.9999999999999992,1.0,0.19455149405818847,0.003144819796043589,0.0004447446806784234,0.19367979448405875,0.1954231936323182,0.19474152630107772,0.19265870141671404,0.19667674934216808,0.6717199365079367,0.01342231892450549,0.0018982025461532718,0.6679994595174763,0.6754404134983971,0.6681470899470899,0.6629275132275132,0.6799719576719576,0.7787080097042895,0.06800269142410362,0.00961703284898399,0.7598586253202809,0.7975573940882982,0.760070424964886,0.735399277323508,0.8210380820391846,-0.1479248315351016,0.058051945183059735,0.008209784820002255,-0.16401600978230602,-0.1318336532878972,-0.15669439442920835,-0.19252573742659776,-0.1083492618083779,0.6956900174098606,0.011488312621900967,0.0016246927518674358,0.6925056196162004,0.6988744152035208,0.6950198015679578,0.6880635169271485,0.7022195632889544,0.29498658459749333,0.00656235742951664,0.0009280574877962274,0.29316759192141273,0.29680557727357393,0.29533096415866666,0.29034287625683336,0.29946627881266663,0.29498658459749333,0.00656235742951664,0.0009280574877962274,0.29316759192141273,0.29680557727357393,0.29533096415866666,0.29034287625683336,0.29946627881266663,0.30000000000000004,5.607473066727768e-17,7.93016446160826e-18,0.30000000000000004,0.30000000000000004,0.3,0.3,0.3,0.2452133333333333,0.002949891423498644,0.0004171776458639858,0.2443956651474399,0.24603100151922672,0.2453333333333333,0.2426666666666666,0.2473333333333333,0.00010062668000670713,2.700517750015563e-05,3.819108827501285e-06,9.314122670480462e-05,0.00010811213330860965,9.291650002296592e-05,9.127025003863308e-05,9.509325002454717e-05
S5_MAR_missingness_inst30,cs_cox_dgm_cif,50,0,0.0,0.040153945155564405,0.003844604564794582,0.0005437091917494008,0.039088275139735576,0.041219615171393234,0.039672274327232596,0.03709880130415358,0.0423118938886538,0.055241454297429,0.005013406457924363,0.0007090027406485494,0.053851808925757846,0.056631099669100154,0.05437288544616885,0.0519078111476553,0.05836686289048032,0.9377770859430525,0.013203985716236264,0.001867325567728195,0.9341171278303053,0.9414370440557998,0.9392257632114505,0.9317630605158419,0.9471692120752054,0.9268144591458948,0.014388971253662612,0.002034907829552626,0.9228260397999716,0.930802878491818,0.9301463899973399,0.9183067080928998,0.9364080197267113,0.1929702379241888,0.003634687953821471,0.0005140224999288438,0.19196275382432826,0.19397772202404934,0.19240511844783648,0.19070639325744307,0.19563886798311342,0.6770235767195768,0.017272508589916073,0.0024427015904065095,0.67223588160238,0.6818112718367736,0.6803576719576719,0.6654708994708994,0.6881058201058201,0.9098022422559618,0.10817720218223453,0.015298566646569244,0.8798170516286862,0.9397874328832375,0.9214656479591645,0.8275863303456683,0.9757717481891631,-0.07690914730980088,0.08574529816140163,0.0121262163569579,-0.10067653136943835,-0.0531417632501634,-0.07190760430555955,-0.14206917526428386,-0.0263930665467866,0.6896704471627737,0.01397578604893219,0.0019764746175224596,0.6857965569124297,0.6935443374131177,0.6907988771808373,0.6814137407202854,0.6987026650150894,0.30154875849014684,0.0045039687161441706,0.0006369573642875223,0.3003003220561433,0.30279719492415036,0.3019245890931799,0.2990643631021952,0.30429268751507643,0.3013257020956533,0.007068944100770143,0.0009996996618966418,0.2993662907583359,0.3032851134329707,0.3018422046886666,0.29665355825549994,0.3058176300791666,0.30000000000000004,5.607473066727768e-17,7.93016446160826e-18,0.30000000000000004,0.30000000000000004,0.3,0.3,0.3,0.24614666666666665,0.003042525505439054,0.00043027808336579655,0.2453033216232697,0.2469900117100636,0.246,0.244,0.24849999999999994,0.4439343216600025,0.028761099276975465,0.004067433666625772,0.435962151673416,0.451906491646589,0.44598202100002027,0.4145676037499868,0.45768507350000215
S5_MAR_missingness_inst30,cs_penalised_cox_all_safe_cif,50,0,0.0,0.05416398602925842,0.003084588895990625,0.0004362267451055394,0.053308981608851565,0.055018990449665274,0.05343574665142875,0.052142724404513174,0.05633910126418022,0.07190457069252006,0.004106387943397901,0.0005807309521918672,0.070766338026224,0.07304280335881612,0.0714044329606115,0.06870504876091912,0.07464395649225503,0.8877324481616543,0.0160132016756439,0.0022646086986711175,0.8832938151122589,0.8921710812110497,0.8880149173399634,0.8788290892573731,0.8999336977483101,0.8788775236790828,0.016897812756762814,0.002389711597505507,0.874193688947972,0.8835613584101936,0.8788657241266931,0.8673382438528178,0.890951495794001,0.1949174262167185,0.00364384686601791,0.0005153177657133226,0.19390740339592039,0.19592744903751663,0.19451128680237714,0.19253365425104607,0.1973143219531516,0.6688121481481482,0.016678627887184105,0.002358714175982988,0.6641890683632214,0.6734352279330749,0.6708010582010582,0.6581111111111111,0.6794063492063491,0.8398799606237287,0.09110641334015751,0.012884392536481982,0.814626551252224,0.8651333699952334,0.837433144878504,0.7793039368281166,0.8910603157452556,-0.14430621308919686,0.0725449893186332,0.010259410777662237,-0.16441465821341483,-0.12419776796497888,-0.1461650509999429,-0.18988661328623363,-0.10372360174653485,0.6828762418186634,0.013970222073675884,0.001975687752595642,0.6790038938235758,0.6867485898137509,0.6838851793200295,0.6757729033143147,0.689983481509185,0.30460058074113766,0.004725547629785863,0.0006682933547683201,0.30329072576579175,0.3059104357164836,0.30481851005125987,0.30118592735453065,0.30719307407906643,0.3013257020956533,0.007068944100770143,0.0009996996618966418,0.2993662907583359,0.3032851134329707,0.3018422046886666,0.29665355825549994,0.3058176300791666,0.30000000000000004,5.607473066727768e-17,7.93016446160826e-18,0.30000000000000004,0.30000000000000004,0.3,0.3,0.3,0.24614666666666665,0.003042525505439054,0.00043027808336579655,0.2453033216232697,0.2469900117100636,0.246,0.244,0.24849999999999994,1.9051002782600046,0.09374350871792592,0.01325733414133313,1.8791159033429916,1.9310846531770176,1.8931447295000225,1.8757845622500608,1.9182481770000024
S5_MAR_missingness_inst30,nonparametric_aj_null,50,0,0.0,0.11586984744255581,0.0020657502555408583,0.00029214120278615684,0.11529725068509494,0.11644244420001668,0.11569810667895206,0.11457339909816636,0.11690322780916637,0.14296582295705687,0.002644641316049981,0.0003740087616770114,0.14223276578416993,0.1436988801299438,0.14246625277902045,0.14140860694858876,0.14465038133191607,,,,,,,,,,,,,,,,,0.21000004571428568,4.0932778463904787e-08,5.788769044926749e-09,0.21000003436829837,0.210000057060273,0.210000081632653,0.21,0.210000081632653,0.5,0.0,0.0,0.5,0.5,0.5,0.5,0.5,,,,,,,,,,,,,,,,,0.5,0.0,0.0,0.5,0.5,0.5,0.5,0.5,0.2998399999999959,0.00014326472469212146,2.026069166692458e-05,0.2998002890443287,0.29987971095566307,0.2997142857142817,0.2997142857142817,0.2999999999999959,0.3013257020956533,0.007068944100770143,0.0009996996618966418,0.2993662907583359,0.3032851134329707,0.3018422046886666,0.29665355825549994,0.3058176300791666,0.30000000000000004,5.607473066727768e-17,7.93016446160826e-18,0.30000000000000004,0.30000000000000004,0.3,0.3,0.3,0.24614666666666665,0.003042525505439054,0.00043027808336579655,0.2453033216232697,0.2469900117100636,0.246,0.244,0.24849999999999994,0.40687255256001037,0.003516142396290742,0.0004972576264069401,0.40589792761225274,0.407847177507768,0.4066442714999994,0.40488560424998354,0.4088551662500492
S5_MAR_missingness_inst30,oracle_true_risk_not_a_model,50,0,0.0,0.0,0.0,0.0,0.0,0.0,0.0,0.0,0.0,0.0,0.0,0.0,0.0,0.0,0.0,0.0,0.0,1.0,0.0,0.0,1.0,1.0,1.0,1.0,1.0,0.9999999999999996,6.585379699339396e-16,9.313133284182228e-17,0.9999999999999993,0.9999999999999998,1.0,0.9999999999999994,1.0,0.18968863470297812,0.0033167878136384494,0.00046906463095613006,0.1887692680263041,0.19060800137965214,0.18972178934786946,0.1875297051142774,0.19178365677474965,0.6907799576719575,0.01594645917898741,0.0022551698842752928,0.686359824698778,0.6952000906451371,0.6907238095238095,0.6780989417989418,0.7007222222222222,1.0014171919032346,0.09717320882538746,0.013742366982017588,0.9744821526184801,1.0283522311879891,1.0021902312235436,0.9397961043611951,1.0594137880383188,-0.006039257684170474,0.08583331149313388,0.012138663321698438,-0.02983103779469941,0.017752522426358466,-0.0126495008265984,-0.07043407761001418,0.04146551736815503,0.699670337648507,0.013236012136070755,0.001871854787456614,0.6960015022650919,0.703339173031922,0.6987516594805123,0.6916364610030634,0.7091893214228049,0.3013257020956533,0.007068944100770143,0.0009996996618966418,0.2993662907583359,0.3032851134329707,0.3018422046886666,0.29665355825549994,0.3058176300791666,0.3013257020956533,0.007068944100770143,0.0009996996618966418,0.2993662907583359,0.3032851134329707,0.3018422046886666,0.29665355825549994,0.3058176300791666,0.30000000000000004,5.607473066727768e-17,7.93016446160826e-18,0.30000000000000004,0.30000000000000004,0.3,0.3,0.3,0.24614666666666665,0.003042525505439054,0.00043027808336579655,0.2453033216232697,0.2469900117100636,0.246,0.244,0.24849999999999994,9.509420000227689e-05,1.9353575142141082e-05,2.7370088446422717e-06,8.972966266677804e-05,0.00010045873733777574,9.162499998183192e-05,9.057299996584334e-05,9.318725003026884e-05
S6_highdim_sparseMRI_inst30,cs_cox_dgm_cif,50,0,0.0,0.04706275608807836,0.002389449238007382,0.00033791915189920974,0.04640043455035591,0.04772507762580081,0.04696653329429265,0.0449840872451745,0.049168442652648275,0.06389130811246126,0.003200786274421598,0.0004526595359544675,0.0630040954219905,0.06477852080293202,0.06403129376136871,0.06131310587170327,0.06621237872712063,0.9376844468452525,0.008046675468857315,0.00113797175800729,0.9354540221995582,0.9399148714909469,0.9381274996122221,0.9326648322954811,0.9428966928429746,0.9346326349864374,0.00731279165186082,0.001034184913287032,0.9326056325563948,0.9366596374164801,0.935413262364652,0.9297040409490638,0.9399733529903243,0.1836282577924384,0.004305229127044512,0.000608851342059003,0.18243490916200275,0.18482160642287407,0.18352180044069624,0.17987968411735364,0.18690159823004832,0.7156676402116402,0.0167394817945855,0.002367320218100033,0.7110276925841641,0.7203075878391163,0.7158328042328042,0.7011015873015873,0.7279047619047618,0.9293684645318523,0.08835833764317712,0.012495755944372225,0.9048767828808827,0.9538601461828219,0.9100773294121852,0.864320984791153,0.9908901247944945,-0.05300663256565549,0.06402134041106439,0.009053984789063196,-0.07075244275221935,-0.03526082237909163,-0.0568123264413065,-0.10019630907166763,-0.0173939095156924,0.7087519533291068,0.013580084235706275,0.001920513930430488,0.704987746025463,0.7125161606327506,0.7072584414920384,0.6986079237147017,0.7180165148674046,0.2998484189327144,0.004644594505857419,0.0006568448541907125,0.29856100301850064,0.3011358348469282,0.2997570839397472,0.2969501321573651,0.3022989283125473,0.29919000291074666,0.007577728893790172,0.001071652697358453,0.2970895636239241,0.30129044219756923,0.2985465022633333,0.2945495591416667,0.30436228447683333,0.30000000000000004,5.607473066727768e-17,7.93016446160826e-18,0.30000000000000004,0.30000000000000004,0.3,0.3,0.3,0.25294666666666665,0.00334308776846562,0.0004727840062367685,0.2520200100144426,0.25387332331889073,0.2526666666666666,0.2513333333333333,0.2546666666666666,0.45625728237998914,0.02281034694995082,0.003225870201905621,0.44993457678425414,0.46257998797572414,0.4513280004999842,0.44931132249999445,0.464243072499972
S6_highdim_sparseMRI_inst30,cs_penalised_cox_all_safe_cif,50,0,0.0,0.04558107525701154,0.0023179161122651405,0.0003278028402408479,0.04493858169013948,0.04622356882388361,0.04525008076451865,0.043679978270668676,0.047279254862666195,0.06168344341521606,0.003045981056377262,0.00043076677206602506,0.06083914054196665,0.06252774628846547,0.06158438779215515,0.05951512294956385,0.0634149174845967,0.9448414467907769,0.006914943200955695,0.0009779206457831166,0.942924722325042,0.9467581712565117,0.9448940057306694,0.9407971745765221,0.9488035248015668,0.9425155378006705,0.00684178851210744,0.000967575010471078,0.9406190907801473,0.9444119848211938,0.9425837516283907,0.9385355835621202,0.9463060057550089,0.18339403297721887,0.0042264180051559295,0.0005977057663149357,0.1822225296752416,0.18456553627919614,0.18345868116951675,0.18059066607419227,0.1862960041799727,0.7175122962962962,0.015885317009591914,0.00224652307575609,0.7131091110678143,0.7219154815247781,0.7185534391534392,0.7044915343915344,0.7274132275132275,0.8792616129461156,0.07853875866117208,0.011107057767057693,0.8574917797226825,0.9010314461695487,0.8730164838034424,0.8206750001099272,0.9355029032363169,-0.09651527260866541,0.05742692875226938,0.00812139414868928,-0.1124332051400964,-0.08059734007723442,-0.10027801122658145,-0.13807137213431436,-0.06478558153848422,0.709706888985762,0.012792021264625449,0.001809064996259834,0.7061611215930926,0.7132526563784313,0.7096322475296694,0.6995748617710181,0.7167225038327738,0.30124211660482164,0.004506147580512483,0.0006372655022415461,0.2999930762204282,0.3024911569892151,0.300909839567871,0.29855159231867767,0.30347045402547557,0.29919000291074666,0.007577728893790172,0.001071652697358453,0.2970895636239241,0.30129044219756923,0.2985465022633333,0.2945495591416667,0.30436228447683333,0.30000000000000004,5.607473066727768e-17,7.93016446160826e-18,0.30000000000000004,0.30000000000000004,0.3,0.3,0.3,0.25294666666666665,0.00334308776846562,0.0004727840062367685,0.2520200100144426,0.25387332331889073,0.2526666666666666,0.2513333333333333,0.2546666666666666,1.9326690550200032,0.09528350570940623,0.013475122604469652,1.9062578147152427,1.9590802953247637,1.9118290625000327,1.8878919897500168,2.0315372295000174
S6_highdim_sparseMRI_inst30,nonparametric_aj_null,50,0,0.0,0.14287261302631932,0.003075150451005342,0.00043489194741494947,0.142020224809386,0.14372500124325263,0.14271470675599934,0.14091515960654702,0.14454465257949947,0.17728250471314266,0.003808739173770423,0.0005386370595087829,0.17622677607650544,0.17833823334977988,0.17731694985591165,0.17484811349608428,0.1797045685790917,,,,,,,,,,,,,,,,,0.21000004081632653,4.123071607694248e-08,5.830903786236646e-09,0.2100000293877551,0.21000005224489796,0.2100000408163265,0.21,0.210000081632653,0.5,0.0,0.0,0.5,0.5,0.5,0.5,0.5,,,,,,,,,,,,,,,,,0.5,0.0,0.0,0.5,0.5,0.5,0.5,0.5,0.29985714285713877,0.00014430750636457862,2.040816326530288e-05,0.2998171428571388,0.29989714285713875,0.29985714285713877,0.2997142857142817,0.2999999999999959,0.29919000291074666,0.007577728893790172,0.001071652697358453,0.2970895636239241,0.30129044219756923,0.2985465022633333,0.2945495591416667,0.30436228447683333,0.30000000000000004,5.607473066727768e-17,7.93016446160826e-18,0.30000000000000004,0.30000000000000004,0.3,0.3,0.3,0.25294666666666665,0.00334308776846562,0.0004727840062367685,0.2520200100144426,0.25387332331889073,0.2526666666666666,0.2513333333333333,0.2546666666666666,0.41399149165999205,0.004336160884933887,0.0006132257532105224,0.4127895691836994,0.4151934141362847,0.4131560210000202,0.4110955625000372,0.4157814062499483
S6_highdim_sparseMRI_inst30,oracle_true_risk_not_a_model,50,0,0.0,0.0,0.0,0.0,0.0,0.0,0.0,0.0,0.0,0.0,0.0,0.0,0.0,0.0,0.0,0.0,0.0,1.0,0.0,0.0,1.0,1.0,1.0,1.0,1.0,0.9999999999999997,5.600740056814951e-16,7.920642547673962e-17,0.9999999999999996,0.9999999999999998,1.0,0.9999999999999992,1.0,0.17963914626204486,0.004085940764711355,0.0005778392844507893,0.17850658126452132,0.1807717112595684,0.180065324128596,0.17698139713166117,0.18228688763227469,0.7298267936507937,0.015450521571413753,0.002185033715203139,0.7255441275689956,0.7341094597325919,0.726784126984127,0.7193037037037038,0.739804761904762,0.9791114928160645,0.07805756388687092,0.011039006549461718,0.9574750399791195,1.0007479456530095,0.9667650303884292,0.9121065156986892,1.0272490468717137,-0.011619115361876603,0.06959885518090456,0.009842764492247616,-0.030910933766681928,0.007672703042928724,-0.01856729206788625,-0.06005086755793637,0.016737730013218047,0.7188256441471452,0.01283450123037918,0.001815072570629641,0.7152681019087112,0.7223831863855793,0.7161125206227752,0.7111192131143923,0.7292836224798331,0.29919000291074666,0.007577728893790172,0.001071652697358453,0.2970895636239241,0.30129044219756923,0.2985465022633333,0.2945495591416667,0.30436228447683333,0.29919000291074666,0.007577728893790172,0.001071652697358453,0.2970895636239241,0.30129044219756923,0.2985465022633333,0.2945495591416667,0.30436228447683333,0.30000000000000004,5.607473066727768e-17,7.93016446160826e-18,0.30000000000000004,0.30000000000000004,0.3,0.3,0.3,0.25294666666666665,0.00334308776846562,0.0004727840062367685,0.2520200100144426,0.25387332331889073,0.2526666666666666,0.2513333333333333,0.2546666666666666,9.543573998939379e-05,1.4477972389519091e-05,2.0474944908921104e-06,9.142265078724525e-05,9.944882919154232e-05,9.195799992767206e-05,9.01355000451076e-05,9.441724989756038e-05
S7_strong_death_competing_inst30,cs_cox_dgm_cif,50,0,0.0,0.03665415016508258,0.0031929629265239436,0.0004515531474844649,0.03576910599601303,0.037539194334152134,0.0365174661643221,0.034900949494344774,0.03862883842008398,0.05026321441925932,0.00419384593182459,0.0005930993795289565,0.04910073963538257,0.051425689203136074,0.049537137090355454,0.047658358687095025,0.05296233955542243,0.9392638465684972,0.012373248861383702,0.0017498416350386287,0.9358341569638214,0.9426935361731729,0.943041955129758,0.9339370205945867,0.9468031230236104,0.9319188703807336,0.012658883226237459,0.0017902364343042295,0.9284100069694974,0.9354277337919699,0.9355886488781611,0.9268300656004768,0.939383710441051,0.19401801519424505,0.002737080757720244,0.00038708167288783963,0.1932593351153849,0.1947766952731052,0.19383417549748425,0.19253054445019052,0.19562520255937316,0.6711166137566138,0.013254488904181197,0.001874467797061675,0.6674426568743729,0.6747905706388547,0.6734412698412697,0.6610433862433863,0.6798608465608467,0.9334317994708169,0.09675399451299693,0.013683081125405228,0.9066129604650226,0.9602506384766112,0.9320596539834203,0.8475903514517665,1.0052028284890264,-0.04969076639104324,0.07606199047723057,0.010756789851399268,-0.0707740744997858,-0.02860745828230067,-0.06259856560412845,-0.11017687955191065,0.00012964954742339998,0.6925469155600072,0.010838396595106036,0.001532780745917733,0.6895426652980085,0.695551165822006,0.6909654075500968,0.6847139688563819,0.6995556129191809,0.2995721314525915,0.003737634310116751,0.0005285813132558116,0.2985361120786101,0.3006081508265729,0.2996392563675562,0.2968835938440533,0.30240948528618583,0.2994048787314533,0.006457838857280481,0.0009132763295586025,0.2976148571255184,0.30119490033738816,0.3002420350103333,0.2957137274928333,0.30329822874949997,0.30000000000000004,5.607473066727768e-17,7.93016446160826e-18,0.30000000000000004,0.30000000000000004,0.3,0.3,0.3,0.30218666666666666,0.0029013719485225286,0.0004103159559089413,0.3013824473930851,0.3029908859402482,0.302,0.3,0.304,0.45947900251998136,0.02282807470758161,0.003228377285432814,0.45315138304053304,0.4658066219994297,0.46799114599991753,0.43564148949997156,0.4718145209999988
S7_strong_death_competing_inst30,cs_penalised_cox_all_safe_cif,50,0,0.0,0.051692700941190356,0.0028994911079016873,0.0004100499648774757,0.050889003010030506,0.052496398872350206,0.0514623144579751,0.04957816480022852,0.0540536084148166,0.06814062168137229,0.0038476514441957814,0.0005441400855666099,0.06707410711366174,0.06920713624908284,0.0677699451207088,0.06552291078471083,0.07037038537536311,0.8820441467531268,0.01539078321977016,0.002176585436494321,0.8777780392975979,0.8863102542086557,0.8839269546342022,0.8708864563939807,0.8934819988808884,0.877466168008674,0.014962109476936616,0.002115961814399478,0.8733188828524511,0.881613453164897,0.8797717170758188,0.8660272086941689,0.8884831741793496,0.19594464160168965,0.002964876949734297,0.00041929691930816154,0.19512281963984565,0.19676646356353364,0.19579123892434863,0.19461133208725134,0.19798649092942688,0.6622804656084655,0.013930980790300621,0.0019701381970802195,0.6584189947421883,0.6661419364747427,0.6629079365079366,0.6530142857142857,0.6693873015873015,0.8598136827109668,0.09047551142869546,0.012795169532510309,0.8347351504272466,0.8848922149946871,0.8491680563632005,0.7970504119712816,0.9092194086677243,-0.12036593404570217,0.07236870279137372,0.010234480097890838,-0.14042551503756823,-0.10030635305383613,-0.1220295338694362,-0.1691456789424695,-0.0820664485276069,0.6856061416599745,0.010944206120828026,0.0015477444725481633,0.6825725624937801,0.6886397208261689,0.6844368163026777,0.6787628422122012,0.6943890819589752,0.30245609210950325,0.004092198965989974,0.0005787243277632177,0.30132179242708734,0.30359039179191916,0.3024685884757598,0.2990255774554568,0.30518890484343764,0.2994048787314533,0.006457838857280481,0.0009132763295586025,0.2976148571255184,0.30119490033738816,0.3002420350103333,0.2957137274928333,0.30329822874949997,0.30000000000000004,5.607473066727768e-17,7.93016446160826e-18,0.30000000000000004,0.30000000000000004,0.3,0.3,0.3,0.30218666666666666,0.0029013719485225286,0.0004103159559089413,0.3013824473930851,0.3029908859402482,0.302,0.3,0.304,1.959520999959996,0.07079342907704089,0.010011702752764905,1.9398980625645768,1.9791439373554154,1.9556276665000498,1.9489081769999639,1.9774905724999032
S7_strong_death_competing_inst30,nonparametric_aj_null,50,0,0.0,0.10880481422725097,0.001986276550842461,0.0002809019236825061,0.10825424645683325,0.10935538199766869,0.10870860401966635,0.10741414443797545,0.11042914078966617,0.13464978131134284,0.0026500326594792647,0.0003747712127767218,0.13391522973430045,0.13538433288838522,0.1346886015140234,0.13270560922517907,0.13635071091729511,,,,,,,,,,,,,,,,,0.21000003428571426,4.0699541373412175e-08,5.75578433926444e-09,0.21000002300437695,0.21000004556705157,0.21,0.21,0.210000081632653,0.5,0.0,0.0,0.5,0.5,0.5,0.5,0.5,,,,,,,,,,,,,,,,,0.5,0.0,0.0,0.5,0.5,0.5,0.5,0.5,0.29987999999999543,0.0001424483948295054,2.01452451906164e-05,0.2998405153194218,0.29991948468056906,0.2999999999999953,0.2997142857142812,0.2999999999999954,0.2994048787314533,0.006457838857280481,0.0009132763295586025,0.2976148571255184,0.30119490033738816,0.3002420350103333,0.2957137274928333,0.30329822874949997,0.30000000000000004,5.607473066727768e-17,7.93016446160826e-18,0.30000000000000004,0.30000000000000004,0.3,0.3,0.3,0.30218666666666666,0.0029013719485225286,0.0004103159559089413,0.3013824473930851,0.3029908859402482,0.302,0.3,0.304,0.45168643916000634,0.007828284462386224,0.001107086605682117,0.4495165494128694,0.4538563289071433,0.45031735449992993,0.44706719800012706,0.4539654692500221
S7_strong_death_competing_inst30,oracle_true_risk_not_a_model,50,0,0.0,0.0,0.0,0.0,0.0,0.0,0.0,0.0,0.0,0.0,0.0,0.0,0.0,0.0,0.0,0.0,0.0,1.0,0.0,0.0,1.0,1.0,1.0,1.0,1.0,0.9999999999999996,7.481302190491815e-16,1.0580159022005068e-16,0.9999999999999993,0.9999999999999998,1.0,0.9999999999999992,1.0,0.19127166534165022,0.0025061879697153952,0.00035442850166278033,0.19057698547839116,0.19196634520490927,0.19139848704611462,0.18938435693103345,0.19245080157994013,0.6831334179894181,0.01267850342550487,0.001793011149494273,0.6796191161364092,0.6866477198424269,0.6828920634920634,0.6756333333333333,0.6920714285714287,1.020005109111316,0.08071987660344432,0.011415514424567364,0.997630700839164,1.042379517383468,1.0135315321427525,0.9694095494827051,1.0718402656076558,0.01862753229867331,0.07295188431008527,0.010316954419199558,-0.0015936983629578245,0.03884876296030444,0.019083730994931852,-0.02028270772770965,0.0660284550752564,0.7002662071046466,0.010205246711712567,0.0014432398307067343,0.6974374570364614,0.7030949571728318,0.6994975276837971,0.6934421550439615,0.7048295577599981,0.2994048787314533,0.006457838857280481,0.0009132763295586025,0.2976148571255184,0.30119490033738816,0.3002420350103333,0.2957137274928333,0.30329822874949997,0.2994048787314533,0.006457838857280481,0.0009132763295586025,0.2976148571255184,0.30119490033738816,0.3002420350103333,0.2957137274928333,0.30329822874949997,0.30000000000000004,5.607473066727768e-17,7.93016446160826e-18,0.30000000000000004,0.30000000000000004,0.3,0.3,0.3,0.30218666666666666,0.0029013719485225286,0.0004103159559089413,0.3013824473930851,0.3029908859402482,0.302,0.3,0.304,9.8224120029042e-05,2.344867016053265e-05,3.3161427360638573e-06,9.172448026635684e-05,0.00010472375979172717,9.22705000903079e-05,9.128100015232121e-05,9.56772499876024e-05
